Source,Target,Relation_Type
Q66,Q483915,P361-P527
Q248,Q483915,P361-P527
Q248,Q1113804,P361-P527
Q66,Q7240,P1830-P127
Q66,Q7240,P1830-P749
Q66,Q7240,P1830-P127
Q248,Q642189,P3320-P1416
Q66,Q898208,P361-P527
Q248,Q898208,P361-P527
Q248,Q11463,P361-P527
Q248,Q11463,P463-P527
Q66,Q663596,P127-P1830
Q248,Q1159256,P127-P1830
Q248,Q338825,P361-P527
Q66,Q338825,P361-P527
Q248,Q663596,P127-P1830
Q66,Q1159256,P127-P1830
Q66,Q470517,P361-P527
Q248,Q470517,P361-P527
Q66,Q470517,P3320-P108
Q66,Q467752,P127-P1830
Q248,Q467752,P127-P1830
Q66,Q467752,P361-P527
Q248,Q66,P361-P527
Q248,Q467752,P361-P527
Q248,Q66,P3320-P1416
Q66,Q544847,P3320-P108
Q66,Q544847,P3320-P1416
Q66,Q248,P127-P1830
Q248,Q544847,P361-P527
Q66,Q248,P361-P527
Q66,Q219635,P127-P127
Q66,Q219635,P127-P127
Q248,Q219508,P127-P1830
Q248,Q219635,P127-P127
Q248,Q219635,P127-P127
Q66,Q7414,P361-P527
Q66,Q7414,P361-P527
Q248,Q7414,P361-P527
Q248,Q7414,P361-P527
Q248,Q7414,P127-P1830
Q66,Q7414,P127-P1830
Q66,Q334800,P127-P1830
Q66,Q219508,P127-P1830
Q66,Q38076,P31-P5869
Q66,Q247489,P361-P527
Q248,Q334800,P127-P1830
Q248,Q38076,P361-P527
Q248,Q38076,P361-P527
Q248,Q38076,P31-P5869
Q248,Q334800,P361-P527
Q66,Q38076,P361-P527
Q66,Q38076,P361-P527
Q248,Q194360,P361-P527
Q248,Q194360,P127-P1830
Q66,Q459965,P361-P527
Q66,Q941127,P361-P527
Q248,Q941127,P361-P527
Q248,Q247489,P361-P527
Q66,Q194360,P127-P1830
Q66,Q194360,P361-P527
Q66,Q193326,P361-P527
Q66,Q334204,P361-P527
Q248,Q459965,P361-P527
Q248,Q193326,P361-P527
Q248,Q3511885,P361-P527
Q66,Q173395,P361-P527
Q66,Q37156,P361-P527
Q66,Q744149,P127-P1830
Q248,Q334204,P361-P527
Q248,Q744149,P127-P1830
Q66,Q3295867,P361-P527
Q66,Q37156,P127-P1830
Q66,Q319642,P361-P527
Q248,Q3295867,P361-P527
Q248,Q3295867,P127-P1830
Q248,Q37156,P361-P527
Q248,Q37156,P127-P1830
Q248,Q173395,P361-P527
Q248,Q173395,P463-P112
Q248,Q173395,P463-P527
Q248,Q319642,P361-P527
Q248,Q173395,P361-P527
Q248,Q37156,P463-P527
Q248,Q37156,P463-P527
Q66,Q3295867,P127-P1830
Q66,Q212405,P127-P1830
Q248,Q212405,P361-P527
Q248,Q212405,P127-P1830
Q66,Q212405,P361-P527
Q66,Q2103926,P361-P527
Q248,Q2103926,P361-P527
Q248,Q128896,P463-P527
Q66,Q333718,P127-P1830
Q248,Q715583,P361-P527
Q66,Q864407,P361-P527
Q66,Q156238,P127-P1830
Q248,Q864407,P361-P527
Q248,Q333718,P361-P527
Q248,Q333718,P127-P1830
Q66,Q907311,P127-P1830
Q248,Q907311,P127-P1830
Q248,Q156238,P127-P1830
Q66,Q328840,P361-P527
Q66,Q333718,P361-P527
Q248,Q907311,P463-P112
Q248,Q907311,P463-P527
Q248,Q328840,P361-P527
Q248,Q19900,P127-P1830
Q66,Q483551,P361-P527
Q66,Q19900,P127-P1830
Q248,Q483551,P361-P527
Q248,Q192314,P361-P527
Q248,Q192314,P127-P1830
Q66,Q20800404,P127-P1830
Q66,Q192314,P127-P1830
Q66,Q192314,P361-P527
Q248,Q478214,P361-P527
Q248,Q555925,P361-P527
Q248,Q555925,P463-P527
Q66,Q380,P361-P527
Q66,Q380,P361-P527
Q66,Q3884,P127-P1830
Q248,Q20800404,P361-P527
Q248,Q380,P361-P527
Q248,Q380,P361-P527
Q248,Q380,P463-P527
Q248,Q312,P361-P527
Q248,Q312,P127-P1830
Q248,Q312,P31-P5869
Q66,Q312,P361-P527
Q248,Q312,P361-P527
Q248,Q312,P463-P527
Q248,Q2283,P361-P527
Q248,Q2283,P463-P112
Q248,Q2283,P463-P527
Q248,Q20800404,P127-P1830
Q248,Q380,P361-P527
Q248,Q182477,P127-P1830
Q66,Q312,P127-P1830
Q66,Q312,P31-P5869
Q248,Q3884,P127-P1830
Q248,Q2283,P361-P527
Q248,Q2283,P361-P527
Q248,Q2283,P127-P1830
Q248,Q2283,P355-P127
Q248,Q2283,P355-P749
Q66,Q2283,P127-P1830
Q248,Q182477,P361-P527
Q248,Q182477,P463-P527
Q248,Q3884,P361-P527
Q248,Q3884,P463-P112
Q248,Q3884,P463-P527
Q66,Q2283,P361-P527
Q66,Q2283,P361-P527
Q66,Q182477,P127-P1830
Q312,Q483915,P361-P527
Q312,Q1113804,P361-P527
Q312,Q898208,P361-P527
Q312,Q11463,P361-P527
Q312,Q1159256,P127-P1830
Q312,Q663596,P127-P1830
Q312,Q470517,P361-P527
Q312,Q338825,P361-P527
Q312,Q66,P361-P527
Q312,Q467752,P127-P1830
Q312,Q467752,P361-P527
Q312,Q248,P361-P527
Q312,Q544847,P361-P527
Q312,Q219508,P127-P1830
Q312,Q248,P127-P1830
Q312,Q7414,P127-P1830
Q312,Q7414,P3320-P108
Q312,Q219635,P127-P127
Q312,Q219635,P127-P127
Q312,Q7414,P361-P527
Q312,Q7414,P361-P527
Q312,Q334800,P361-P527
Q312,Q334800,P127-P1830
Q312,Q247489,P361-P527
Q312,Q38076,P31-P5869
Q312,Q194360,P127-P1830
Q312,Q194360,P127-P1830
Q312,Q194360,P361-P527
Q312,Q38076,P361-P527
Q312,Q38076,P361-P527
Q312,Q941127,P361-P527
Q312,Q193326,P361-P527
Q312,Q744149,P127-P1830
Q312,Q744149,P127-P1830
Q312,Q459965,P361-P527
Q312,Q334204,P361-P527
Q312,Q37156,P127-P1830
Q312,Q37156,P169-P108
Q312,Q37156,P127-P1830
Q312,Q37156,P361-P527
Q312,Q3295867,P127-P1830
Q312,Q3295867,P127-P1830
Q312,Q2103926,P361-P527
Q312,Q3511885,P361-P527
Q312,Q173395,P361-P527
Q312,Q173395,P361-P527
Q312,Q3295867,P361-P527
Q312,Q319642,P361-P527
Q312,Q864407,P361-P527
Q312,Q212405,P361-P527
Q312,Q212405,P127-P1830
Q312,Q715583,P361-P527
Q312,Q907311,P361-P527
Q312,Q156238,P127-P1830
Q312,Q333718,P127-P1830
Q312,Q907311,P127-P1830
Q312,Q333718,P361-P527
Q312,Q328840,P361-P527
Q312,Q483551,P361-P527
Q312,Q192314,P127-P1830
Q312,Q20800404,P127-P1830
Q312,Q478214,P361-P527
Q312,Q20800404,P361-P527
Q312,Q20800404,P361-P527
Q312,Q19900,P127-P1830
Q312,Q192314,P361-P527
Q312,Q217583,P127-P127
Q312,Q555925,P361-P527
Q312,Q3884,P127-P1830
Q312,Q3884,P361-P527
Q312,Q3884,P361-P527
Q312,Q182477,P127-P1830
Q312,Q380,P361-P527
Q312,Q380,P361-P527
Q312,Q380,P361-P527
Q312,Q380,P361-P527
Q312,Q2283,P127-P1830
Q312,Q2283,P361-P527
Q312,Q2283,P361-P527
Q312,Q2283,P361-P527
Q312,Q2283,P361-P527
Q312,Q182477,P361-P527
Q380,Q338825,P361-P527
Q380,Q219635,P127-P127
Q380,Q219635,P127-P127
Q380,Q219635,P1951-P127
Q380,Q7414,P361-P527
Q380,Q334800,P3320-P108
Q380,Q38076,P361-P527
Q380,Q38076,P31-P5869
Q380,Q334204,P361-P527
Q380,Q193326,P1951-P1951
Q380,Q907311,P361-P527
Q380,Q907311,P361-P527
Q380,Q20800404,P361-P527
Q380,Q312,P31-P5869
Q380,Q3884,P361-P527
Q380,Q3884,P361-P527
Q380,Q312,P361-P527
Q380,Q312,P361-P527
Q380,Q2283,P361-P527
Q380,Q2283,P361-P527
Q2283,Q483915,P361-P527
Q2283,Q1113804,P361-P527
Q2283,Q898208,P361-P527
Q2283,Q11463,P361-P527
Q2283,Q663596,P127-P1830
Q2283,Q338825,P355-P112
Q2283,Q338825,P355-P127
Q2283,Q338825,P355-P749
Q2283,Q338825,P361-P527
Q2283,Q1159256,P127-P1830
Q2283,Q66,P361-P527
Q2283,Q467752,P127-P1830
Q2283,Q467752,P361-P527
Q2283,Q470517,P361-P527
Q2283,Q248,P127-P1830
Q2283,Q248,P355-P749
Q2283,Q544847,P361-P527
Q2283,Q248,P1830-P749
Q2283,Q219508,P127-P1830
Q2283,Q248,P361-P527
Q2283,Q219635,P127-P127
Q2283,Q219635,P127-P127
Q2283,Q219635,P127-P127
Q2283,Q219635,P127-P127
Q2283,Q334800,P3320-P108
Q2283,Q7414,P361-P527
Q2283,Q7414,P361-P527
Q2283,Q7414,P127-P1830
Q2283,Q334800,P361-P527
Q2283,Q247489,P3320-P108
Q2283,Q194360,P361-P527
Q2283,Q334800,P127-P1830
Q2283,Q247489,P361-P527
Q2283,Q38076,P31-P5869
Q2283,Q38076,P361-P527
Q2283,Q38076,P361-P527
Q2283,Q459965,P361-P527
Q2283,Q193326,P361-P527
Q2283,Q941127,P361-P527
Q2283,Q194360,P127-P1830
Q2283,Q3511885,P361-P527
Q2283,Q744149,P127-P1830
Q2283,Q334204,P361-P527
Q2283,Q173395,P361-P527
Q2283,Q173395,P361-P527
Q2283,Q37156,P127-P1830
Q2283,Q54173,P3320-P108
Q2283,Q319642,P361-P527
Q2283,Q3295867,P361-P527
Q2283,Q2103926,P361-P527
Q2283,Q37156,P361-P527
Q2283,Q3295867,P127-P1830
Q2283,Q212405,P127-P1830
Q2283,Q212405,P3320-P108
Q2283,Q212405,P361-P527
Q2283,Q864407,P361-P527
Q2283,Q907311,P361-P527
Q2283,Q333718,P127-P1830
Q2283,Q715583,P361-P527
Q2283,Q156238,P127-P1830
Q2283,Q333718,P361-P527
Q2283,Q328840,P361-P527
Q2283,Q328840,P3320-P1416
Q2283,Q192314,P361-P527
Q2283,Q907311,P127-P1830
Q2283,Q192314,P127-P1830
Q2283,Q483551,P361-P527
Q2283,Q217583,P112-P1830
Q2283,Q19900,P127-P1830
Q2283,Q19900,P169-P1416
Q2283,Q19900,P3320-P1416
Q2283,Q478214,P361-P527
Q2283,Q20800404,P127-P1830
Q2283,Q20800404,P361-P527
Q2283,Q20800404,P361-P527
Q2283,Q3884,P127-P1830
Q2283,Q3884,P361-P527
Q2283,Q3884,P361-P527
Q2283,Q312,P127-P1830
Q2283,Q312,P31-P5869
Q2283,Q555925,P361-P527
Q2283,Q380,P361-P527
Q2283,Q380,P361-P527
Q2283,Q380,P361-P527
Q2283,Q380,P361-P527
Q2283,Q312,P361-P527
Q2283,Q312,P361-P527
Q2283,Q312,P361-P527
Q2283,Q182477,P361-P527
Q2283,Q182477,P127-P1830
Q3884,Q1113804,P361-P527
Q3884,Q11463,P361-P527
Q3884,Q11463,P463-P527
Q3884,Q1159256,P127-P1830
Q3884,Q663596,P127-P1830
Q3884,Q338825,P361-P527
Q3884,Q467752,P127-P1830
Q3884,Q248,P127-P1830
Q3884,Q248,P463-P112
Q3884,Q248,P463-P527
Q3884,Q544847,P361-P527
Q3884,Q219508,P127-P1830
Q3884,Q219635,P127-P127
Q3884,Q219635,P127-P127
Q3884,Q7414,P361-P527
Q3884,Q334800,P127-P1830
Q3884,Q334800,P361-P527
Q3884,Q334800,P3320-P108
Q3884,Q334800,P3320-P1416
Q3884,Q38076,P361-P527
Q3884,Q7414,P127-P1830
Q3884,Q38076,P31-P5869
Q3884,Q194360,P127-P1830
Q3884,Q334204,P361-P527
Q3884,Q744149,P127-P1830
Q3884,Q3511885,P361-P527
Q3884,Q173395,P361-P527
Q3884,Q173395,P463-P112
Q3884,Q173395,P463-P527
Q3884,Q37156,P127-P1830
Q3884,Q37156,P463-P527
Q3884,Q37156,P463-P527
Q3884,Q3295867,P127-P1830
Q3884,Q128896,P463-P527
Q3884,Q212405,P127-P1830
Q3884,Q333718,P127-P1830
Q3884,Q333718,P3320-P108
Q3884,Q715583,P361-P527
Q3884,Q907311,P1830-P1535
Q3884,Q156238,P127-P1830
Q3884,Q907311,P1056-P1535
Q3884,Q907311,P463-P112
Q3884,Q907311,P463-P112
Q3884,Q907311,P463-P527
Q3884,Q192314,P127-P1830
Q3884,Q19900,P127-P1830
Q3884,Q907311,P355-P1535
Q3884,Q907311,P127-P1830
Q3884,Q478214,P361-P527
Q3884,Q20800404,P127-P1830
Q3884,Q555925,P361-P527
Q3884,Q555925,P463-P527
Q3884,Q312,P361-P527
Q3884,Q312,P463-P527
Q3884,Q20800404,P361-P527
Q3884,Q2283,P127-P1830
Q3884,Q2283,P361-P527
Q3884,Q2283,P361-P527
Q3884,Q2283,P463-P112
Q3884,Q2283,P463-P112
Q3884,Q2283,P463-P527
Q3884,Q380,P361-P527
Q3884,Q380,P361-P527
Q3884,Q380,P361-P527
Q3884,Q380,P463-P527
Q3884,Q312,P127-P1830
Q3884,Q312,P31-P5869
Q3884,Q2283,P3320-P108
Q3884,Q182477,P127-P1830
Q3884,Q182477,P361-P527
Q3884,Q182477,P463-P527
Q3884,Q312,P3320-P108
Q7240,Q663596,P127-P1830
Q7240,Q1159256,P127-P1830
Q7414,Q1159256,P127-P1830
Q7414,Q663596,P127-P1830
Q7240,Q338825,P361-P527
Q7414,Q467752,P127-P1830
Q7240,Q66,P1830-P127
Q7240,Q66,P1830-P749
Q7240,Q66,P1830-P127
Q7240,Q467752,P127-P1830
Q7414,Q219508,P127-P1830
Q7240,Q219635,P127-P127
Q7414,Q219635,P127-P127
Q7240,Q219635,P127-P127
Q7240,Q248,P127-P1830
Q7414,Q248,P127-P1830
Q7240,Q7414,P127-P1830
Q7240,Q219508,P127-P1830
Q7240,Q35476,P3320-P1416
Q7240,Q7414,P361-P527
Q7240,Q334800,P127-P1830
Q7414,Q334800,P127-P1830
Q7240,Q38076,P361-P527
Q7240,Q194360,P3320-P108
Q7414,Q38076,P31-P5869
Q7240,Q38076,P31-P5869
Q7240,Q194360,P127-P1830
Q7414,Q194360,P127-P1830
Q7240,Q334204,P361-P527
Q7240,Q37156,P127-P1830
Q7240,Q744149,P127-P1830
Q7414,Q744149,P127-P1830
Q7414,Q37156,P127-P1830
Q7414,Q3295867,P127-P1830
Q7240,Q3295867,P127-P1830
Q7414,Q212405,P127-P1830
Q7240,Q212405,P127-P1830
Q7240,Q333718,P127-P1830
Q7414,Q333718,P127-P1830
Q7414,Q156238,P127-P1830
Q7240,Q156238,P127-P1830
Q7414,Q907311,P127-P1830
Q7240,Q907311,P127-P1830
Q7240,Q192314,P127-P1830
Q7414,Q192314,P127-P1830
Q7414,Q19900,P127-P1830
Q7240,Q19900,P127-P1830
Q7240,Q380,P361-P527
Q7240,Q380,P361-P527
Q7240,Q20800404,P127-P1830
Q7240,Q2283,P361-P527
Q7240,Q2283,P127-P1830
Q7414,Q2283,P127-P1830
Q7240,Q312,P127-P1830
Q7240,Q312,P31-P5869
Q7414,Q3884,P127-P1830
Q7414,Q312,P127-P1830
Q7414,Q312,P31-P5869
Q7414,Q483915,P3320-P108
Q7414,Q483915,P3320-P1416
Q7414,Q182477,P127-P1830
Q7414,Q20800404,P127-P1830
Q7240,Q182477,P127-P1830
Q7414,Q483915,P361-P527
Q7414,Q483915,P488-P108
Q7414,Q483915,P488-P1416
Q7240,Q3884,P127-P1830
Q7414,Q898208,P361-P527
Q7414,Q338825,P361-P527
Q7414,Q470517,P361-P527
Q7414,Q467752,P361-P527
Q7414,Q66,P361-P527
Q7414,Q248,P361-P527
Q7414,Q219635,P127-P127
Q7414,Q247489,P361-P527
Q7414,Q38076,P361-P527
Q7414,Q38076,P361-P527
Q7414,Q194360,P361-P527
Q7414,Q459965,P361-P527
Q7414,Q941127,P361-P527
Q7414,Q193326,P361-P527
Q7414,Q173395,P361-P527
Q7414,Q37156,P361-P527
Q7414,Q334204,P361-P527
Q7414,Q319642,P361-P527
Q7414,Q3295867,P361-P527
Q7414,Q2103926,P361-P527
Q7414,Q212405,P361-P527
Q7414,Q864407,P361-P527
Q7414,Q489921,P3320-P1416
Q7414,Q333718,P361-P527
Q7414,Q192314,P361-P527
Q7414,Q483551,P361-P527
Q7414,Q328840,P361-P527
Q7414,Q19900,P3320-P108
Q7414,Q19900,P3320-P463
Q7414,Q312,P361-P527
Q7414,Q380,P361-P527
Q7414,Q380,P361-P527
Q7414,Q2283,P361-P527
Q7414,Q2283,P361-P527
Q11463,Q1113804,P3320-P108
Q11463,Q1113804,P361-P527
Q11463,Q1159256,P127-P1830
Q19900,Q1159256,P127-P1830
Q11463,Q663596,P127-P1830
Q11463,Q338825,P361-P527
Q19900,Q663596,P127-P1830
Q11463,Q467752,P127-P1830
Q19900,Q467752,P127-P1830
Q11463,Q544847,P3320-P108
Q11463,Q544847,P3320-P1416
Q11463,Q248,P463-P112
Q11463,Q248,P463-P527
Q11463,Q219635,P127-P127
Q11463,Q219635,P127-P127
Q19900,Q248,P127-P1830
Q11463,Q248,P127-P1830
Q11463,Q544847,P361-P527
Q11463,Q219508,P127-P1830
Q19900,Q219508,P127-P1830
Q11463,Q7414,P127-P1830
Q11463,Q334800,P361-P527
Q19900,Q334800,P127-P1830
Q19900,Q7414,P127-P1830
Q11463,Q7414,P361-P527
Q11463,Q38076,P361-P527
Q19900,Q38076,P31-P5869
Q11463,Q38076,P31-P5869
Q11463,Q334800,P127-P1830
Q11463,Q194360,P127-P1830
Q19900,Q194360,P127-P1830
Q11463,Q3511885,P361-P527
Q11463,Q334204,P361-P527
Q19900,Q744149,P127-P1830
Q11463,Q37156,P463-P527
Q11463,Q37156,P463-P527
Q11463,Q744149,P127-P1830
Q11463,Q37156,P127-P1830
Q19900,Q37156,P127-P1830
Q11463,Q173395,P361-P527
Q11463,Q173395,P463-P112
Q11463,Q173395,P463-P527
Q19900,Q3295867,P127-P1830
Q19900,Q212405,P127-P1830
Q11463,Q212405,P127-P1830
Q11463,Q3295867,P127-P1830
Q11463,Q128896,P463-P527
Q11463,Q715583,P361-P527
Q19900,Q907311,P127-P1830
Q19900,Q333718,P127-P1830
Q11463,Q333718,P127-P1830
Q11463,Q156238,P127-P1830
Q11463,Q907311,P3320-P108
Q19900,Q156238,P127-P1830
Q11463,Q192314,P127-P1830
Q11463,Q907311,P127-P1830
Q11463,Q907311,P463-P112
Q11463,Q907311,P463-P527
Q11463,Q19900,P127-P1830
Q19900,Q192314,P127-P1830
Q11463,Q20800404,P361-P527
Q11463,Q20800404,P127-P1830
Q19900,Q3884,P127-P1830
Q11463,Q380,P361-P527
Q11463,Q380,P361-P527
Q11463,Q380,P361-P527
Q11463,Q380,P463-P527
Q19900,Q20800404,P127-P1830
Q11463,Q478214,P361-P527
Q19900,Q2283,P127-P1830
Q11463,Q3884,P361-P527
Q11463,Q3884,P127-P1830
Q11463,Q3884,P463-P112
Q11463,Q3884,P463-P527
Q11463,Q312,P1830-P127
Q11463,Q555925,P361-P527
Q11463,Q555925,P463-P527
Q11463,Q312,P31-P5869
Q11463,Q2283,P1830-P127
Q11463,Q312,P361-P527
Q11463,Q312,P127-P1830
Q11463,Q312,P463-P527
Q19900,Q312,P127-P1830
Q19900,Q312,P31-P5869
Q11463,Q2283,P361-P527
Q11463,Q2283,P361-P527
Q11463,Q2283,P127-P1830
Q11463,Q2283,P463-P112
Q11463,Q2283,P463-P527
Q19900,Q182477,P127-P1830
Q11463,Q182477,P361-P527
Q11463,Q182477,P127-P1830
Q11463,Q182477,P463-P527
Q19900,Q11463,P3320-P108
Q35476,Q338825,P361-P527
Q35476,Q1159256,P127-P1830
Q19900,Q338825,P361-P527
Q35476,Q663596,P127-P1830
Q35476,Q467752,P127-P1830
Q35476,Q248,P127-P1830
Q19900,Q248,P3320-P108
Q35476,Q219508,P127-P1830
Q35476,Q219635,P127-P127
Q35476,Q219635,P127-P127
Q35476,Q7414,P361-P527
Q35476,Q7414,P127-P1830
Q19900,Q7414,P361-P527
Q35476,Q334800,P127-P1830
Q35476,Q194360,P127-P1830
Q35476,Q38076,P361-P527
Q35476,Q38076,P31-P5869
Q19900,Q38076,P361-P527
Q19900,Q334204,P361-P527
Q35476,Q334204,P361-P527
Q19900,Q37156,P463-P527
Q35476,Q744149,P127-P1830
Q35476,Q37156,P127-P1830
Q35476,Q3295867,P127-P1830
Q35476,Q212405,P127-P1830
Q35476,Q156238,P127-P1830
Q35476,Q333718,P127-P1830
Q35476,Q19900,P127-P1830
Q35476,Q192314,P127-P1830
Q35476,Q907311,P127-P1830
Q35476,Q20800404,P127-P1830
Q35476,Q380,P361-P527
Q35476,Q380,P361-P527
Q35476,Q2283,P127-P1830
Q35476,Q182477,P127-P1830
Q19900,Q2283,P361-P527
Q19900,Q2283,P3320-P108
Q35476,Q312,P127-P1830
Q35476,Q312,P31-P5869
Q35476,Q3884,P127-P1830
Q19900,Q380,P361-P527
Q19900,Q380,P361-P527
Q35476,Q2283,P361-P527
Q37156,Q483915,P3679-P527
Q37156,Q483915,P361-P527
Q37156,Q898208,P3679-P527
Q37156,Q898208,P361-P527
Q37156,Q663596,P127-P1830
Q37156,Q1159256,P127-P1830
Q37156,Q11463,P463-P527
Q37156,Q338825,P361-P527
Q37156,Q470517,P361-P527
Q37156,Q467752,P361-P527
Q37156,Q470517,P3679-P527
Q37156,Q66,P3679-P527
Q37156,Q467752,P127-P1830
Q37156,Q467752,P3679-P527
Q37156,Q66,P361-P527
Q37156,Q248,P127-P1830
Q37156,Q248,P361-P527
Q37156,Q248,P463-P112
Q37156,Q248,P463-P527
Q37156,Q248,P3679-P527
Q37156,Q7414,P3679-P527
Q37156,Q219508,P127-P1830
Q37156,Q7414,P127-P1830
Q37156,Q334800,P127-P1830
Q37156,Q7414,P361-P527
Q37156,Q7414,P361-P527
Q37156,Q38076,P361-P527
Q37156,Q38076,P361-P527
Q37156,Q194360,P3679-P527
Q37156,Q38076,P31-P5869
Q37156,Q194360,P127-P1830
Q37156,Q194360,P127-P1830
Q37156,Q194360,P361-P527
Q37156,Q247489,P3679-P527
Q37156,Q941127,P3679-P527
Q37156,Q38076,P3679-P527
Q37156,Q247489,P361-P527
Q37156,Q459965,P3679-P527
Q37156,Q193326,P361-P527
Q37156,Q459965,P361-P527
Q37156,Q334204,P361-P527
Q37156,Q193326,P3679-P527
Q37156,Q941127,P361-P527
Q37156,Q173395,P3679-P527
Q37156,Q173395,P361-P527
Q37156,Q173395,P463-P112
Q37156,Q173395,P463-P527
Q37156,Q3295867,P3679-P527
Q37156,Q744149,P127-P1830
Q37156,Q744149,P127-P1830
Q37156,Q3295867,P361-P527
Q37156,Q212405,P361-P527
Q37156,Q3295867,P127-P1830
Q37156,Q3295867,P127-P1830
Q37156,Q212405,P127-P1830
Q37156,Q319642,P3679-P527
Q37156,Q128896,P463-P527
Q37156,Q212405,P3679-P527
Q37156,Q319642,P361-P527
Q37156,Q2103926,P3679-P527
Q37156,Q2103926,P361-P527
Q37156,Q156238,P127-P1830
Q37156,Q864407,P3679-P527
Q37156,Q864407,P361-P527
Q37156,Q333718,P3320-P108
Q37156,Q333718,P127-P1830
Q37156,Q907311,P127-P1830
Q37156,Q483551,P361-P527
Q37156,Q328840,P3679-P527
Q37156,Q333718,P3679-P527
Q37156,Q907311,P463-P112
Q37156,Q907311,P463-P527
Q37156,Q333718,P361-P527
Q37156,Q192314,P3679-P527
Q37156,Q192314,P127-P1830
Q37156,Q217583,P127-P127
Q37156,Q483551,P3679-P527
Q37156,Q328840,P361-P527
Q37156,Q380,P3679-P527
Q37156,Q3884,P127-P1830
Q37156,Q192314,P361-P527
Q37156,Q19900,P127-P1830
Q37156,Q380,P361-P527
Q37156,Q380,P361-P527
Q37156,Q380,P463-P527
Q37156,Q555925,P463-P527
Q37156,Q20800404,P127-P1830
Q37156,Q312,P361-P527
Q37156,Q312,P463-P527
Q37156,Q182477,P463-P527
Q38076,Q483915,P361-P527
Q37156,Q2283,P3679-P527
Q37156,Q3884,P463-P112
Q37156,Q3884,P463-P527
Q37156,Q312,P127-P1830
Q37156,Q312,P31-P5869
Q37156,Q2283,P127-P1830
Q37156,Q312,P3679-P527
Q37156,Q182477,P127-P1830
Q37156,Q2283,P361-P527
Q37156,Q2283,P361-P527
Q37156,Q2283,P463-P112
Q37156,Q2283,P463-P527
Q38076,Q898208,P361-P527
Q38076,Q663596,P127-P1830
Q38076,Q338825,P361-P527
Q38076,Q1159256,P127-P1830
Q38076,Q470517,P361-P527
Q38076,Q467752,P361-P527
Q38076,Q66,P361-P527
Q38076,Q467752,P127-P1830
Q38076,Q219635,P127-P127
Q38076,Q219635,P127-P127
Q38076,Q248,P127-P1830
Q38076,Q248,P361-P527
Q38076,Q219508,P127-P1830
Q38076,Q7414,P127-P1830
Q38076,Q7414,P361-P527
Q38076,Q7414,P361-P527
Q38076,Q334800,P127-P1830
Q38076,Q194360,P361-P527
Q38076,Q194360,P127-P1830
Q38076,Q247489,P361-P527
Q38076,Q459965,P361-P527
Q38076,Q941127,P361-P527
Q38076,Q193326,P361-P527
Q38076,Q744149,P127-P1830
Q38076,Q334204,P361-P527
Q38076,Q3295867,P127-P1830
Q38076,Q173395,P361-P527
Q38076,Q3295867,P361-P527
Q38076,Q37156,P361-P527
Q38076,Q37156,P127-P1830
Q38076,Q319642,P361-P527
Q38076,Q2103926,P361-P527
Q38076,Q212405,P361-P527
Q38076,Q864407,P361-P527
Q38076,Q333718,P361-P527
Q38076,Q212405,P127-P1830
Q38076,Q156238,P127-P1830
Q38076,Q333718,P127-P1830
Q38076,Q907311,P127-P1830
Q38076,Q328840,P361-P527
Q38076,Q192314,P361-P527
Q38076,Q192314,P127-P1830
Q38076,Q20800404,P127-P1830
Q38076,Q483551,P361-P527
Q38076,Q19900,P127-P1830
Q38076,Q380,P361-P527
Q38076,Q380,P361-P527
Q38076,Q3884,P127-P1830
Q38076,Q312,P127-P1830
Q38076,Q312,P31-P5869
Q54173,Q483915,P361-P527
Q38076,Q2283,P127-P1830
Q38076,Q2283,P361-P527
Q38076,Q2283,P361-P527
Q38076,Q182477,P127-P1830
Q38076,Q312,P361-P527
Q54173,Q898208,P361-P527
Q54173,Q1159256,P127-P1830
Q54173,Q1159256,P169-P1416
Q54173,Q663596,P127-P1830
Q48872,Q338825,P361-P527
Q54173,Q1159256,P3320-P1416
Q54173,Q338825,P361-P527
Q54173,Q470517,P361-P527
Q54173,Q66,P361-P527
Q54173,Q467752,P361-P527
Q54173,Q467752,P127-P1830
Q54173,Q219635,P127-P127
Q54173,Q248,P361-P527
Q54173,Q248,P127-P1830
Q54173,Q219635,P1830-P127
Q54173,Q219635,P127-P127
Q48872,Q7414,P361-P527
Q54173,Q219508,P127-P1830
Q54173,Q7414,P361-P527
Q54173,Q7414,P361-P527
Q54173,Q7414,P127-P1830
Q54173,Q334800,P127-P1830
Q54173,Q38076,P361-P527
Q54173,Q38076,P361-P527
Q54173,Q247489,P361-P527
Q54173,Q38076,P31-P5869
Q48872,Q38076,P361-P527
Q48872,Q38076,P31-P5869
Q54173,Q194360,P361-P527
Q54173,Q459965,P361-P527
Q54173,Q941127,P361-P527
Q48872,Q334204,P361-P527
Q54173,Q194360,P127-P1830
Q54173,Q37156,P127-P1830
Q54173,Q193326,P361-P527
Q54173,Q334204,P361-P527
Q54173,Q3295867,P127-P1830
Q54173,Q37156,P361-P527
Q54173,Q3295867,P361-P527
Q54173,Q744149,P127-P1830
Q54173,Q173395,P361-P527
Q54173,Q319642,P361-P527
Q54173,Q212405,P127-P1830
Q54173,Q212405,P361-P527
Q54173,Q2103926,P361-P527
Q54173,Q864407,P361-P527
Q54173,Q156238,P127-P1830
Q54173,Q192314,P361-P527
Q54173,Q192314,P127-P1830
Q54173,Q333718,P127-P1830
Q54173,Q328840,P361-P527
Q54173,Q333718,P361-P527
Q54173,Q907311,P127-P1830
Q54173,Q483551,P361-P527
Q54173,Q19900,P127-P1830
Q54173,Q20800404,P127-P1830
Q54173,Q3884,P127-P1830
Q54173,Q380,P361-P527
Q48872,Q380,P361-P527
Q54173,Q312,P127-P1830
Q54173,Q312,P31-P5869
Q48872,Q312,P31-P5869
Q54173,Q312,P361-P527
Q54173,Q182477,P127-P1830
Q48872,Q2283,P361-P527
Q54173,Q2283,P361-P527
Q54173,Q2283,P361-P527
Q54173,Q2283,P127-P1830
Q128896,Q484930,P169-P463
Q128896,Q484930,P3320-P463
Q128896,Q11463,P463-P527
Q128896,Q1159256,P127-P1830
Q128896,Q663596,P127-P1830
Q128896,Q338825,P361-P527
Q128896,Q193412,P3320-P108
Q128896,Q467752,P127-P1830
Q128896,Q193412,P169-P108
Q128896,Q248,P127-P1830
Q128896,Q248,P463-P112
Q128896,Q248,P463-P527
Q128896,Q219635,P127-P127
Q128896,Q219635,P127-P127
Q128896,Q219508,P127-P1830
Q128896,Q1318848,P3320-P108
Q128896,Q334800,P127-P1830
Q128896,Q1197548,P3320-P108
Q128896,Q38076,P361-P527
Q128896,Q38076,P31-P5869
Q128896,Q7414,P361-P527
Q128896,Q7414,P127-P1830
Q128896,Q194360,P127-P1830
Q128896,Q334204,P361-P527
Q128896,Q173395,P169-P463
Q128896,Q173395,P463-P112
Q128896,Q173395,P463-P527
Q128896,Q173395,P3320-P463
Q128896,Q744149,P127-P1830
Q128896,Q37156,P127-P1830
Q128896,Q37156,P463-P527
Q128896,Q37156,P463-P527
Q128896,Q3295867,P127-P1830
Q128896,Q212405,P127-P1830
Q128896,Q333718,P127-P1830
Q128896,Q907311,P127-P1830
Q128896,Q907311,P463-P112
Q128896,Q907311,P463-P527
Q128896,Q156238,P127-P1830
Q128896,Q192314,P127-P1830
Q128896,Q19900,P127-P1830
Q128896,Q20800404,P127-P1830
Q128896,Q555925,P463-P527
Q128896,Q3884,P127-P1830
Q128896,Q3884,P463-P112
Q128896,Q3884,P463-P527
Q128896,Q312,P127-P1830
Q128896,Q312,P31-P5869
Q128896,Q312,P463-P527
Q173395,Q483915,P361-P527
Q128896,Q2283,P361-P527
Q128896,Q2283,P127-P1830
Q128896,Q2283,P463-P112
Q128896,Q2283,P463-P527
Q128896,Q380,P361-P527
Q128896,Q380,P361-P527
Q128896,Q380,P463-P527
Q128896,Q182477,P127-P1830
Q128896,Q182477,P463-P527
Q156238,Q483915,P361-P527
Q173395,Q1113804,P361-P527
Q156238,Q214763,P361-P527
Q173395,Q484930,P3320-P463
Q156238,Q898208,P361-P527
Q173395,Q898208,P361-P527
Q173395,Q898208,P169-P108
Q156238,Q894585,P3320-P463
Q173395,Q11463,P361-P527
Q173395,Q11463,P463-P527
Q156238,Q338825,P361-P527
Q173395,Q1159256,P127-P1830
Q173395,Q663596,P127-P1830
Q156238,Q1159256,P127-P1830
Q156238,Q663596,P127-P1830
Q173395,Q467752,P127-P1830
Q156238,Q470517,P361-P527
Q173395,Q338825,P361-P527
Q173395,Q193412,P3320-P108
Q173395,Q470517,P361-P527
Q156238,Q66,P361-P527
Q173395,Q467752,P361-P527
Q156238,Q467752,P361-P527
Q156238,Q467752,P127-P1830
Q173395,Q66,P361-P527
Q173395,Q248,P361-P527
Q173395,Q248,P463-P112
Q173395,Q248,P463-P527
Q156238,Q248,P361-P527
Q156238,Q248,P127-P1830
Q173395,Q248,P127-P1830
Q173395,Q219635,P127-P127
Q173395,Q219508,P127-P1830
Q156238,Q219635,P127-P127
Q173395,Q219635,P127-P127
Q173395,Q544847,P361-P527
Q156238,Q7414,P361-P527
Q156238,Q7414,P361-P527
Q156238,Q7414,P127-P1830
Q173395,Q7414,P361-P527
Q173395,Q7414,P361-P527
Q156238,Q219508,P127-P1830
Q173395,Q7414,P127-P1830
Q156238,Q334800,P127-P1830
Q173395,Q38076,P361-P527
Q173395,Q38076,P361-P527
Q173395,Q334800,P127-P1830
Q173395,Q334800,P361-P527
Q173395,Q247489,P361-P527
Q156238,Q38076,P361-P527
Q156238,Q38076,P361-P527
Q156238,Q38076,P31-P5869
Q156238,Q941127,P361-P527
Q156238,Q194360,P361-P527
Q156238,Q194360,P127-P1830
Q156238,Q194360,P3320-P463
Q156238,Q247489,P3320-P108
Q173395,Q38076,P31-P5869
Q173395,Q194360,P127-P1830
Q173395,Q459965,P361-P527
Q156238,Q193326,P361-P527
Q173395,Q194360,P361-P527
Q173395,Q941127,P361-P527
Q156238,Q247489,P361-P527
Q156238,Q334204,P361-P527
Q156238,Q744149,P127-P1830
Q173395,Q193326,P361-P527
Q156238,Q459965,P361-P527
Q173395,Q334204,P361-P527
Q173395,Q37156,P127-P1830
Q156238,Q3295867,P361-P527
Q156238,Q3295867,P127-P1830
Q173395,Q3295867,P127-P1830
Q156238,Q37156,P361-P527
Q156238,Q37156,P127-P1830
Q173395,Q744149,P127-P1830
Q173395,Q37156,P361-P527
Q173395,Q37156,P463-P527
Q173395,Q37156,P1037-P108
Q173395,Q37156,P463-P527
Q173395,Q3295867,P361-P527
Q173395,Q3511885,P361-P527
Q156238,Q319642,P361-P527
Q156238,Q319642,P361-P527
Q156238,Q173395,P361-P527
Q156238,Q2103926,P361-P527
Q173395,Q2103926,P361-P527
Q173395,Q319642,P361-P527
Q173395,Q128896,P463-P527
Q173395,Q212405,P127-P1830
Q173395,Q128896,P3320-P108
Q173395,Q212405,P361-P527
Q156238,Q212405,P361-P527
Q156238,Q212405,P127-P1830
Q173395,Q864407,P361-P527
Q156238,Q864407,P361-P527
Q173395,Q333718,P361-P527
Q173395,Q156238,P127-P1830
Q156238,Q333718,P361-P527
Q156238,Q333718,P127-P1830
Q173395,Q333718,P127-P1830
Q156238,Q19900,P127-P1830
Q156238,Q328840,P361-P527
Q156238,Q483551,P361-P527
Q173395,Q715583,P361-P527
Q173395,Q907311,P463-P112
Q173395,Q907311,P463-P527
Q173395,Q907311,P127-P1830
Q156238,Q907311,P127-P1830
Q173395,Q192314,P127-P1830
Q173395,Q483551,P361-P527
Q173395,Q192314,P361-P527
Q156238,Q192314,P361-P527
Q156238,Q192314,P127-P1830
Q173395,Q328840,P361-P527
Q173395,Q20800404,P127-P1830
Q173395,Q19900,P127-P1830
Q173395,Q20800404,P361-P527
Q173395,Q555925,P361-P527
Q173395,Q555925,P463-P527
Q156238,Q380,P361-P527
Q156238,Q380,P361-P527
Q156238,Q20800404,P127-P1830
Q173395,Q182477,P361-P527
Q173395,Q182477,P463-P527
Q173395,Q3884,P361-P527
Q173395,Q3884,P463-P112
Q173395,Q3884,P463-P527
Q173395,Q312,P361-P527
Q173395,Q312,P361-P527
Q173395,Q312,P463-P527
Q173395,Q478214,P361-P527
Q173395,Q380,P361-P527
Q173395,Q380,P361-P527
Q173395,Q380,P361-P527
Q173395,Q380,P463-P527
Q173395,Q3884,P127-P1830
Q173395,Q312,P127-P1830
Q173395,Q312,P31-P5869
Q156238,Q312,P361-P527
Q156238,Q312,P127-P1830
Q156238,Q312,P31-P5869
Q173395,Q2283,P127-P1830
Q156238,Q182477,P127-P1830
Q156238,Q3884,P127-P1830
Q156238,Q2283,P361-P527
Q156238,Q2283,P361-P527
Q156238,Q2283,P127-P1830
Q173395,Q2283,P361-P527
Q173395,Q2283,P361-P527
Q173395,Q2283,P361-P527
Q173395,Q2283,P463-P112
Q173395,Q2283,P463-P527
Q173395,Q182477,P127-P1830
Q182477,Q11463,P463-P527
Q192314,Q1159256,P127-P1830
Q192314,Q338825,P361-P527
Q182477,Q1159256,P127-P1830
Q192314,Q663596,P127-P1830
Q182477,Q338825,P361-P527
Q182477,Q663596,P127-P1830
Q182477,Q467752,P127-P1830
Q182477,Q248,P127-P1830
Q182477,Q248,P463-P112
Q182477,Q248,P463-P527
Q192314,Q467752,P127-P1830
Q182477,Q219508,P127-P1830
Q192314,Q248,P127-P1830
Q182477,Q219635,P127-P127
Q182477,Q219635,P127-P127
Q192314,Q219635,P127-P127
Q192314,Q219635,P127-P127
Q192314,Q219508,P127-P1830
Q192314,Q7414,P127-P1830
Q182477,Q334800,P127-P1830
Q192314,Q7414,P361-P527
Q182477,Q7414,P361-P527
Q182477,Q7414,P127-P1830
Q182477,Q38076,P361-P527
Q182477,Q38076,P31-P5869
Q182477,Q194360,P127-P1830
Q192314,Q334800,P127-P1830
Q192314,Q194360,P3320-P108
Q192314,Q38076,P31-P5869
Q192314,Q38076,P361-P527
Q192314,Q194360,P127-P1830
Q192314,Q194360,P169-P108
Q192314,Q306764,P3320-P463
Q192314,Q334204,P361-P527
Q192314,Q193326,P3320-P108
Q192314,Q193326,P169-P108
Q192314,Q744149,P127-P1830
Q182477,Q37156,P127-P1830
Q182477,Q37156,P463-P527
Q182477,Q37156,P463-P112
Q182477,Q37156,P463-P527
Q182477,Q334204,P361-P527
Q182477,Q744149,P127-P1830
Q182477,Q3295867,P127-P1830
Q192314,Q37156,P127-P1830
Q182477,Q173395,P463-P112
Q182477,Q173395,P463-P527
Q192314,Q37156,P3320-P108
Q192314,Q37156,P3320-P1416
Q192314,Q37156,P3320-P108
Q192314,Q3295867,P127-P1830
Q182477,Q212405,P127-P1830
Q182477,Q128896,P463-P527
Q192314,Q212405,P127-P1830
Q192314,Q156238,P127-P1830
Q182477,Q333718,P127-P1830
Q182477,Q192314,P127-P1830
Q192314,Q907311,P127-P1830
Q192314,Q333718,P127-P1830
Q182477,Q156238,P127-P1830
Q192314,Q333718,P3320-P108
Q192314,Q19900,P127-P1830
Q182477,Q907311,P127-P1830
Q182477,Q907311,P463-P112
Q182477,Q907311,P463-P527
Q192314,Q20800404,P127-P1830
Q192314,Q217583,P3320-P108
Q182477,Q19900,P127-P1830
Q192314,Q380,P361-P527
Q192314,Q380,P361-P527
Q182477,Q20800404,P127-P1830
Q182477,Q380,P361-P527
Q182477,Q380,P361-P527
Q182477,Q380,P463-P527
Q182477,Q555925,P463-P527
Q182477,Q2283,P361-P527
Q182477,Q2283,P463-P112
Q182477,Q2283,P463-P527
Q182477,Q3884,P463-P112
Q182477,Q3884,P463-P527
Q182477,Q312,P127-P1830
Q182477,Q312,P31-P5869
Q182477,Q312,P463-P527
Q192314,Q2283,P127-P1830
Q192314,Q3884,P127-P1830
Q192314,Q312,P127-P1830
Q192314,Q312,P31-P5869
Q182477,Q2283,P127-P1830
Q192314,Q3884,P3320-P108
Q182477,Q3884,P127-P1830
Q192314,Q2283,P361-P527
Q192314,Q182477,P127-P1830
Q193326,Q483915,P361-P527
Q193412,Q1113804,P361-P527
Q193326,Q898208,P361-P527
Q193412,Q1159256,P127-P1830
Q193326,Q1159256,P127-P1830
Q193412,Q11463,P361-P527
Q193412,Q663596,P127-P1830
Q193412,Q338825,P361-P527
Q193326,Q338825,P361-P527
Q193326,Q663596,P127-P1830
Q193326,Q66,P361-P527
Q193326,Q470517,P361-P527
Q193412,Q467752,P127-P1830
Q193326,Q467752,P361-P527
Q193326,Q467752,P127-P1830
Q193326,Q248,P361-P527
Q193326,Q248,P127-P1830
Q193412,Q544847,P361-P527
Q193412,Q248,P127-P1830
Q193326,Q219508,P127-P1830
Q193412,Q219635,P127-P127
Q193412,Q219635,P127-P127
Q193326,Q219635,P127-P127
Q193326,Q219635,P127-P127
Q193412,Q219508,P127-P1830
Q193326,Q219635,P1830-P127
Q193412,Q7414,P361-P527
Q193326,Q334800,P127-P1830
Q193412,Q334800,P361-P527
Q193412,Q334800,P127-P1830
Q193326,Q7414,P361-P527
Q193326,Q7414,P361-P527
Q193326,Q7414,P127-P1830
Q193326,Q194360,P361-P527
Q193326,Q194360,P127-P1830
Q193412,Q7414,P127-P1830
Q193326,Q247489,P361-P527
Q193412,Q38076,P31-P5869
Q193412,Q38076,P361-P527
Q193326,Q38076,P361-P527
Q193326,Q38076,P361-P527
Q193326,Q38076,P31-P5869
Q193412,Q194360,P127-P1830
Q193326,Q941127,P361-P527
Q193412,Q334204,P361-P527
Q193326,Q459965,P361-P527
Q193412,Q37156,P127-P1830
Q193326,Q334204,P361-P527
Q193326,Q744149,P127-P1830
Q193326,Q37156,P361-P527
Q193326,Q37156,P127-P1830
Q193326,Q37156,P463-P527
Q193412,Q37156,P463-P527
Q193412,Q744149,P127-P1830
Q193412,Q3511885,P361-P527
Q193326,Q173395,P361-P527
Q193412,Q3295867,P127-P1830
Q193412,Q173395,P361-P527
Q193326,Q319642,P361-P527
Q193326,Q2103926,P361-P527
Q193412,Q212405,P127-P1830
Q193326,Q3295867,P361-P527
Q193326,Q3295867,P127-P1830
Q193326,Q212405,P361-P527
Q193326,Q212405,P127-P1830
Q193326,Q333718,P361-P527
Q193326,Q333718,P127-P1830
Q193326,Q864407,P361-P527
Q193412,Q156238,P127-P1830
Q193412,Q715583,P361-P527
Q193412,Q333718,P127-P1830
Q193412,Q907311,P127-P1830
Q193326,Q483551,P361-P527
Q193326,Q907311,P127-P1830
Q193326,Q156238,P127-P1830
Q193326,Q328840,P361-P527
Q193326,Q192314,P127-P1830
Q193326,Q192314,P361-P527
Q193326,Q192314,P1830-P127
Q193412,Q192314,P127-P1830
Q193412,Q19900,P127-P1830
Q193412,Q555925,P361-P527
Q193326,Q20800404,P127-P1830
Q193412,Q20800404,P361-P527
Q193412,Q20800404,P127-P1830
Q193326,Q19900,P127-P1830
Q193412,Q478214,P361-P527
Q193412,Q380,P361-P527
Q193412,Q380,P361-P527
Q193412,Q380,P361-P527
Q193412,Q3884,P361-P527
Q193412,Q3884,P127-P1830
Q193326,Q312,P361-P527
Q193326,Q312,P3320-P108
Q193412,Q2283,P361-P527
Q193412,Q2283,P361-P527
Q193412,Q2283,P127-P1830
Q193326,Q312,P127-P1830
Q193326,Q312,P31-P5869
Q193412,Q312,P361-P527
Q193412,Q312,P127-P1830
Q193412,Q312,P31-P5869
Q193326,Q3884,P127-P1830
Q193326,Q2283,P361-P527
Q193326,Q2283,P361-P527
Q193412,Q182477,P361-P527
Q193412,Q182477,P127-P1830
Q193326,Q182477,P127-P1830
Q193326,Q380,P361-P527
Q193326,Q380,P361-P527
Q193326,Q2283,P127-P1830
Q194360,Q483915,P361-P527
Q194360,Q898208,P361-P527
Q194360,Q1159256,P127-P1830
Q194360,Q338825,P361-P527
Q194360,Q663596,P127-P1830
Q194360,Q470517,P361-P527
Q194360,Q467752,P361-P527
Q194360,Q467752,P127-P1830
Q194360,Q66,P361-P527
Q194360,Q248,P361-P527
Q194360,Q248,P127-P1830
Q194360,Q219508,P127-P1830
Q194360,Q219635,P127-P127
Q194360,Q219635,P127-P127
Q194360,Q7414,P361-P527
Q194360,Q7414,P361-P527
Q194360,Q7414,P127-P1830
Q194360,Q247489,P361-P527
Q194360,Q334800,P127-P1830
Q194360,Q334204,P361-P527
Q194360,Q193326,P361-P527
Q194360,Q38076,P361-P527
Q194360,Q38076,P361-P527
Q194360,Q38076,P31-P5869
Q194360,Q941127,P361-P527
Q194360,Q459965,P361-P527
Q194360,Q744149,P127-P1830
Q194360,Q744149,P127-P1830
Q194360,Q37156,P361-P527
Q194360,Q37156,P127-P1830
Q194360,Q37156,P127-P1830
Q194360,Q37156,P463-P527
Q194360,Q173395,P361-P527
Q194360,Q319642,P361-P527
Q194360,Q3295867,P361-P527
Q194360,Q3295867,P127-P1830
Q194360,Q3295867,P127-P1830
Q194360,Q864407,P361-P527
Q194360,Q2103926,P361-P527
Q194360,Q212405,P361-P527
Q194360,Q212405,P127-P1830
Q194360,Q333718,P361-P527
Q194360,Q333718,P127-P1830
Q194360,Q156238,P127-P1830
Q194360,Q328840,P361-P527
Q194360,Q907311,P127-P1830
Q194360,Q19900,P127-P1830
Q194360,Q192314,P361-P527
Q194360,Q192314,P127-P1830
Q194360,Q483551,P361-P527
Q194360,Q217583,P127-P127
Q194360,Q20800404,P127-P1830
Q194360,Q3884,P127-P1830
Q194360,Q312,P361-P527
Q194360,Q312,P127-P1830
Q194360,Q312,P31-P5869
Q194360,Q380,P361-P527
Q194360,Q380,P361-P527
Q194360,Q2283,P361-P527
Q194360,Q2283,P361-P527
Q194360,Q2283,P127-P1830
Q194360,Q182477,P127-P1830
Q212405,Q483915,P361-P527
Q206921,Q483915,P361-P527
Q212405,Q898208,P361-P527
Q206921,Q898208,P361-P527
Q206921,Q11463,P3320-P1416
Q212405,Q1159256,P127-P1830
Q212405,Q663596,P127-P1830
Q206921,Q1159256,P127-P1830
Q206921,Q663596,P127-P1830
Q206921,Q338825,P361-P527
Q212405,Q338825,P361-P527
Q206921,Q470517,P361-P527
Q212405,Q470517,P361-P527
Q212405,Q66,P361-P527
Q206921,Q66,P361-P527
Q206921,Q467752,P361-P527
Q206921,Q467752,P127-P1830
Q212405,Q66,P3320-P108
Q212405,Q467752,P361-P527
Q212405,Q467752,P127-P1830
Q206921,Q248,P361-P527
Q206921,Q248,P127-P1830
Q212405,Q248,P361-P527
Q212405,Q248,P127-P1830
Q206921,Q219508,P127-P1830
Q212405,Q219508,P127-P1830
Q206921,Q219635,P127-P127
Q206921,Q219635,P127-P127
Q212405,Q219635,P127-P127
Q212405,Q219635,P127-P127
Q206921,Q7414,P361-P527
Q206921,Q7414,P361-P527
Q206921,Q7414,P127-P1830
Q212405,Q334800,P127-P1830
Q212405,Q7414,P361-P527
Q212405,Q7414,P361-P527
Q212405,Q7414,P127-P1830
Q212405,Q7414,P3320-P108
Q212405,Q7414,P3320-P108
Q206921,Q334800,P127-P1830
Q206921,Q247489,P361-P527
Q206921,Q38076,P361-P527
Q206921,Q38076,P361-P527
Q206921,Q38076,P31-P5869
Q212405,Q247489,P361-P527
Q212405,Q38076,P361-P527
Q212405,Q38076,P361-P527
Q212405,Q38076,P31-P5869
Q206921,Q194360,P361-P527
Q206921,Q194360,P127-P1830
Q212405,Q38076,P3320-P108
Q212405,Q194360,P361-P527
Q212405,Q194360,P127-P1830
Q212405,Q941127,P361-P527
Q206921,Q941127,P361-P527
Q206921,Q193326,P361-P527
Q212405,Q459965,P361-P527
Q212405,Q193326,P3320-P463
Q206921,Q459965,P361-P527
Q206921,Q744149,P127-P1830
Q212405,Q334204,P361-P527
Q206921,Q334204,P361-P527
Q206921,Q3295867,P3320-P108
Q206921,Q3295867,P3320-P1416
Q212405,Q744149,P127-P1830
Q206921,Q173395,P361-P527
Q206921,Q3295867,P361-P527
Q206921,Q3295867,P127-P1830
Q212405,Q193326,P361-P527
Q212405,Q319642,P3320-P108
Q212405,Q173395,P361-P527
Q206921,Q319642,P361-P527
Q212405,Q3295867,P361-P527
Q212405,Q3295867,P127-P1830
Q212405,Q319642,P361-P527
Q212405,Q37156,P361-P527
Q212405,Q37156,P127-P1830
Q206921,Q2103926,P361-P527
Q206921,Q37156,P361-P527
Q206921,Q37156,P127-P1830
Q206921,Q212405,P361-P527
Q206921,Q212405,P127-P1830
Q212405,Q2103926,P361-P527
Q212405,Q864407,P361-P527
Q212405,Q333718,P127-P1830
Q212405,Q333718,P361-P527
Q206921,Q333718,P361-P527
Q206921,Q333718,P127-P1830
Q206921,Q864407,P361-P527
Q206921,Q156238,P127-P1830
Q206921,Q328840,P361-P527
Q212405,Q156238,P127-P1830
Q212405,Q328840,P361-P527
Q206921,Q907311,P127-P1830
Q206921,Q192314,P127-P1830
Q212405,Q907311,P127-P1830
Q206921,Q192314,P361-P527
Q206921,Q19900,P127-P1830
Q212405,Q192314,P361-P527
Q212405,Q192314,P127-P1830
Q212405,Q483551,P361-P527
Q212405,Q483551,P3320-P108
Q206921,Q483551,P361-P527
Q212405,Q19900,P127-P1830
Q212405,Q20800404,P127-P1830
Q212405,Q3884,P127-P1830
Q206921,Q380,P361-P527
Q206921,Q380,P361-P527
Q206921,Q20800404,P127-P1830
Q212405,Q380,P361-P527
Q212405,Q380,P361-P527
Q206921,Q2283,P127-P1830
Q206921,Q2283,P361-P527
Q206921,Q2283,P361-P527
Q206921,Q3884,P127-P1830
Q206921,Q312,P127-P1830
Q206921,Q312,P31-P5869
Q206921,Q312,P361-P527
Q212405,Q2283,P127-P1830
Q212405,Q182477,P127-P1830
Q212405,Q2283,P361-P527
Q212405,Q2283,P361-P527
Q212405,Q312,P127-P1830
Q212405,Q312,P31-P5869
Q206921,Q182477,P127-P1830
Q212405,Q312,P361-P527
Q217583,Q214763,P1830-P807
Q214763,Q663596,P127-P1830
Q214763,Q1159256,P127-P1830
Q214763,Q338825,P361-P527
Q219508,Q663596,P127-P1830
Q219508,Q1159256,P127-P1830
Q217583,Q338825,P361-P527
Q219508,Q467752,P127-P1830
Q214763,Q467752,P127-P1830
Q219508,Q248,P127-P1830
Q214763,Q248,P127-P1830
Q214763,Q219635,P127-P127
Q214763,Q219635,P127-P127
Q219508,Q219635,P127-P127
Q217583,Q219635,P1830-P127
Q217583,Q219635,P1830-P127
Q217583,Q219635,P1830-P127
Q217583,Q219635,P1830-P127
Q217583,Q7414,P361-P527
Q214763,Q219508,P127-P1830
Q214763,Q7414,P361-P527
Q214763,Q7414,P127-P1830
Q219508,Q334800,P127-P1830
Q219508,Q7414,P127-P1830
Q217583,Q38076,P361-P527
Q217583,Q38076,P31-P5869
Q214763,Q334800,P127-P1830
Q214763,Q38076,P361-P527
Q214763,Q38076,P31-P5869
Q217583,Q194360,P1830-P1830
Q214763,Q194360,P127-P1830
Q219508,Q194360,P127-P1830
Q219508,Q38076,P31-P5869
Q217583,Q334204,P361-P527
Q217583,Q194360,P3320-P108
Q214763,Q334204,P361-P527
Q217583,Q744149,P1830-P1830
Q214763,Q744149,P127-P1830
Q214763,Q37156,P127-P1830
Q219508,Q744149,P127-P1830
Q217583,Q37156,P1830-P1830
Q214763,Q3295867,P127-P1830
Q219508,Q37156,P127-P1830
Q217583,Q3295867,P1830-P1830
Q219508,Q3295867,P127-P1830
Q219508,Q212405,P127-P1830
Q214763,Q212405,P127-P1830
Q214763,Q333718,P127-P1830
Q214763,Q156238,P127-P1830
Q219508,Q907311,P127-P1830
Q219508,Q192314,P127-P1830
Q214763,Q907311,P127-P1830
Q219508,Q333718,P127-P1830
Q219508,Q156238,P127-P1830
Q219508,Q19900,P127-P1830
Q214763,Q192314,P127-P1830
Q214763,Q19900,P127-P1830
Q214763,Q20800404,P127-P1830
Q219508,Q20800404,P127-P1830
Q214763,Q3884,P127-P1830
Q217583,Q312,P31-P5869
Q219508,Q312,P127-P1830
Q219508,Q312,P31-P5869
Q214763,Q2283,P361-P527
Q214763,Q2283,P127-P1830
Q214763,Q182477,P127-P1830
Q219508,Q182477,P127-P1830
Q219508,Q3884,P127-P1830
Q217583,Q2283,P127-P1830
Q217583,Q2283,P361-P527
Q214763,Q312,P127-P1830
Q214763,Q312,P31-P5869
Q217583,Q380,P361-P527
Q217583,Q380,P361-P527
Q214763,Q380,P361-P527
Q214763,Q380,P361-P527
Q219508,Q2283,P127-P1830
Q219635,Q1159256,P127-P1830
Q219635,Q338825,P361-P527
Q247489,Q1159256,P127-P1830
Q219635,Q663596,P127-P1830
Q219508,Q338825,P361-P527
Q247489,Q663596,P127-P1830
Q247489,Q338825,P361-P527
Q247489,Q248,P127-P1830
Q247489,Q467752,P127-P1830
Q219635,Q467752,P127-P1830
Q219508,Q248,P3320-P108
Q219635,Q248,P127-P1830
Q219508,Q219635,P127-P127
Q247489,Q219508,P127-P1830
Q247489,Q219635,P127-P127
Q247489,Q219635,P127-P127
Q219635,Q219508,P127-P1830
Q247489,Q334800,P127-P1830
Q247489,Q7414,P127-P1830
Q247489,Q7414,P361-P527
Q219508,Q7414,P361-P527
Q219635,Q334800,P127-P1830
Q219635,Q38076,P361-P527
Q219635,Q38076,P31-P5869
Q219635,Q7414,P127-P1830
Q219635,Q7414,P361-P527
Q247489,Q194360,P127-P1830
Q219508,Q38076,P361-P527
Q247489,Q38076,P361-P527
Q247489,Q38076,P31-P5869
Q219635,Q194360,P127-P1830
Q247489,Q334204,P361-P527
Q247489,Q744149,P127-P1830
Q219635,Q744149,P127-P1830
Q219508,Q334204,P361-P527
Q219508,Q334204,P1830-P155
Q219635,Q334204,P361-P527
Q219635,Q37156,P127-P1830
Q219508,Q37156,P463-P527
Q219635,Q3295867,P127-P1830
Q247489,Q37156,P127-P1830
Q247489,Q37156,P3320-P108
Q247489,Q3295867,P127-P1830
Q219635,Q54173,P1830-P127
Q247489,Q212405,P127-P1830
Q247489,Q54173,P3320-P108
Q219635,Q212405,P127-P1830
Q219635,Q333718,P127-P1830
Q219635,Q156238,P127-P1830
Q247489,Q156238,P127-P1830
Q247489,Q907311,P127-P1830
Q247489,Q333718,P127-P1830
Q219635,Q907311,P127-P1830
Q219635,Q192314,P127-P1830
Q247489,Q19900,P127-P1830
Q247489,Q192314,P127-P1830
Q219635,Q19900,P127-P1830
Q219635,Q20800404,P127-P1830
Q247489,Q20800404,P127-P1830
Q247489,Q312,P127-P1830
Q247489,Q312,P31-P5869
Q219635,Q380,P361-P527
Q219635,Q380,P361-P527
Q219508,Q2283,P361-P527
Q247489,Q182477,P127-P1830
Q219635,Q182477,P127-P1830
Q219635,Q312,P127-P1830
Q219635,Q312,P31-P5869
Q219635,Q312,P112-P108
Q319642,Q483915,P361-P527
Q247489,Q2283,P361-P527
Q247489,Q2283,P127-P1830
Q247489,Q380,P361-P527
Q247489,Q380,P361-P527
Q247489,Q3884,P127-P1830
Q219635,Q2283,P361-P527
Q219635,Q2283,P127-P1830
Q219508,Q380,P361-P527
Q219508,Q380,P361-P527
Q219635,Q3884,P127-P1830
Q319642,Q7240,P3320-P108
Q319642,Q7240,P3320-P1416
Q319642,Q898208,P361-P527
Q319642,Q338825,P361-P527
Q306764,Q338825,P361-P527
Q319642,Q467752,P361-P527
Q319642,Q470517,P361-P527
Q319642,Q66,P361-P527
Q319642,Q248,P361-P527
Q306764,Q219635,P156-P127
Q306764,Q7414,P361-P527
Q319642,Q247489,P361-P527
Q319642,Q7414,P361-P527
Q319642,Q7414,P361-P527
Q306764,Q38076,P31-P5869
Q306764,Q38076,P361-P527
Q319642,Q38076,P361-P527
Q319642,Q38076,P361-P527
Q319642,Q194360,P361-P527
Q319642,Q941127,P361-P527
Q319642,Q193326,P361-P527
Q319642,Q193326,P3320-P108
Q306764,Q334204,P361-P527
Q319642,Q334204,P361-P527
Q319642,Q459965,P361-P527
Q319642,Q459965,P3320-P108
Q319642,Q173395,P361-P527
Q319642,Q37156,P361-P527
Q319642,Q2103926,P361-P527
Q319642,Q3295867,P361-P527
Q319642,Q212405,P361-P527
Q306764,Q14662364,P156-P156
Q319642,Q333718,P361-P527
Q319642,Q328840,P361-P527
Q319642,Q864407,P361-P527
Q319642,Q483551,P361-P527
Q319642,Q192314,P361-P527
Q306764,Q380,P361-P527
Q306764,Q380,P361-P527
Q306764,Q312,P31-P5869
Q319642,Q312,P361-P527
Q319642,Q380,P361-P527
Q319642,Q380,P361-P527
Q306764,Q2283,P361-P527
Q319642,Q2283,P361-P527
Q319642,Q2283,P361-P527
Q328840,Q483915,P361-P527
Q333718,Q483915,P361-P527
Q333718,Q7240,P3320-P108
Q333718,Q7240,P3320-P1416
Q328840,Q898208,P361-P527
Q333718,Q898208,P361-P527
Q333718,Q898208,P3320-P108
Q333718,Q898208,P3320-P1416
Q328840,Q1159256,P127-P1830
Q333718,Q1159256,P127-P1830
Q328840,Q663596,P127-P1830
Q333718,Q663596,P127-P1830
Q333718,Q338825,P361-P527
Q328840,Q338825,P361-P527
Q328840,Q470517,P361-P527
Q328840,Q66,P361-P527
Q328840,Q467752,P361-P527
Q333718,Q470517,P361-P527
Q333718,Q66,P361-P527
Q333718,Q467752,P361-P527
Q333718,Q467752,P127-P1830
Q328840,Q467752,P127-P1830
Q328840,Q248,P361-P527
Q328840,Q248,P127-P1830
Q333718,Q248,P361-P527
Q333718,Q248,P127-P1830
Q328840,Q219635,P127-P127
Q333718,Q219635,P127-P127
Q333718,Q219635,P127-P127
Q328840,Q219508,P127-P1830
Q328840,Q219635,P127-P127
Q328840,Q7414,P361-P527
Q328840,Q7414,P361-P527
Q328840,Q7414,P127-P1830
Q328840,Q334800,P3320-P108
Q328840,Q334800,P3320-P108
Q328840,Q334800,P3320-P1416
Q333718,Q219508,P127-P1830
Q328840,Q334800,P127-P1830
Q333718,Q7414,P361-P527
Q333718,Q7414,P361-P527
Q333718,Q7414,P127-P1830
Q333718,Q334800,P127-P1830
Q328840,Q247489,P361-P527
Q328840,Q38076,P31-P5869
Q333718,Q247489,P361-P527
Q328840,Q38076,P361-P527
Q328840,Q38076,P361-P527
Q333718,Q38076,P361-P527
Q333718,Q38076,P361-P527
Q333718,Q38076,P31-P5869
Q333718,Q194360,P361-P527
Q333718,Q194360,P127-P1830
Q333718,Q941127,P361-P527
Q328840,Q194360,P127-P1830
Q328840,Q334204,P361-P527
Q333718,Q334204,P361-P527
Q328840,Q459965,P361-P527
Q328840,Q193326,P361-P527
Q328840,Q744149,P127-P1830
Q328840,Q194360,P361-P527
Q328840,Q941127,P361-P527
Q333718,Q193326,P361-P527
Q333718,Q459965,P361-P527
Q333718,Q744149,P127-P1830
Q333718,Q37156,P361-P527
Q333718,Q37156,P127-P1830
Q333718,Q37156,P169-P108
Q333718,Q173395,P361-P527
Q328840,Q37156,P361-P527
Q328840,Q37156,P127-P1830
Q333718,Q37156,P3320-P108
Q328840,Q37156,P3320-P108
Q328840,Q173395,P361-P527
Q333718,Q319642,P361-P527
Q328840,Q3295867,P361-P527
Q328840,Q3295867,P127-P1830
Q333718,Q3295867,P361-P527
Q333718,Q3295867,P127-P1830
Q333718,Q2103926,P361-P527
Q333718,Q212405,P361-P527
Q333718,Q212405,P127-P1830
Q328840,Q319642,P361-P527
Q328840,Q2103926,P361-P527
Q328840,Q212405,P361-P527
Q328840,Q212405,P127-P1830
Q328840,Q212405,P3320-P108
Q328840,Q212405,P3320-P108
Q328840,Q212405,P3320-P108
Q333718,Q864407,P361-P527
Q328840,Q864407,P361-P527
Q328840,Q333718,P361-P527
Q328840,Q333718,P127-P1830
Q328840,Q156238,P127-P1830
Q333718,Q328840,P361-P527
Q333718,Q156238,P127-P1830
Q328840,Q907311,P127-P1830
Q328840,Q192314,P361-P527
Q328840,Q192314,P3320-P108
Q328840,Q483551,P361-P527
Q333718,Q483551,P361-P527
Q328840,Q192314,P127-P1830
Q328840,Q192314,P169-P108
Q333718,Q907311,P127-P1830
Q333718,Q192314,P361-P527
Q333718,Q192314,P127-P1830
Q328840,Q19900,P127-P1830
Q328840,Q19900,P3320-P108
Q328840,Q20800404,P127-P1830
Q333718,Q19900,P127-P1830
Q333718,Q380,P361-P527
Q333718,Q380,P361-P527
Q328840,Q3884,P127-P1830
Q333718,Q3884,P127-P1830
Q328840,Q312,P361-P527
Q328840,Q380,P361-P527
Q328840,Q380,P361-P527
Q333718,Q20800404,P127-P1830
Q333718,Q312,P361-P527
Q333718,Q312,P127-P1830
Q333718,Q312,P31-P5869
Q328840,Q2283,P361-P527
Q328840,Q2283,P361-P527
Q328840,Q2283,P127-P1830
Q328840,Q182477,P127-P1830
Q328840,Q312,P127-P1830
Q328840,Q312,P31-P5869
Q333718,Q182477,P127-P1830
Q333718,Q2283,P361-P527
Q333718,Q2283,P361-P527
Q333718,Q2283,P127-P1830
Q334204,Q1159256,P127-P1830
Q334800,Q1159256,P127-P1830
Q334800,Q663596,P127-P1830
Q334204,Q663596,P127-P1830
Q334204,Q338825,P361-P527
Q334800,Q338825,P361-P527
Q334204,Q467752,P127-P1830
Q334800,Q467752,P127-P1830
Q334800,Q248,P127-P1830
Q334204,Q248,P127-P1830
Q334204,Q219635,P127-P127
Q334800,Q219635,P127-P127
Q334800,Q219635,P127-P127
Q334204,Q219508,P127-P1830
Q334800,Q219508,P127-P1830
Q334204,Q219635,P127-P127
Q334204,Q219635,P1830-P127
Q334204,Q7414,P127-P1830
Q338825,Q7414,P361-P527
Q334204,Q334800,P127-P1830
Q334204,Q7414,P361-P527
Q334800,Q7414,P361-P527
Q334800,Q7414,P127-P1830
Q334204,Q38076,P31-P5869
Q334800,Q38076,P361-P527
Q334204,Q194360,P127-P1830
Q334204,Q38076,P361-P527
Q338825,Q38076,P31-P5869
Q334800,Q194360,P127-P1830
Q338825,Q38076,P361-P527
Q338825,Q334204,P361-P527
Q334204,Q744149,P127-P1830
Q334800,Q744149,P127-P1830
Q334204,Q37156,P127-P1830
Q334204,Q37156,P463-P527
Q338825,Q37156,P463-P527
Q334800,Q334204,P361-P527
Q334204,Q3295867,P127-P1830
Q334800,Q37156,P127-P1830
Q334800,Q3295867,P1344-P710
Q334800,Q3295867,P127-P1830
Q334800,Q212405,P355-P112
Q334800,Q212405,P127-P1830
Q334204,Q212405,P127-P1830
Q334204,Q156238,P127-P1830
Q334204,Q333718,P127-P1830
Q334800,Q333718,P127-P1830
Q334204,Q907311,P127-P1830
Q334800,Q907311,P127-P1830
Q334204,Q907311,P1830-P1830
Q334800,Q156238,P127-P1830
Q334800,Q19900,P127-P1830
Q334204,Q19900,P127-P1830
Q334204,Q192314,P127-P1830
Q334800,Q192314,P127-P1830
Q334800,Q20800404,P127-P1830
Q334204,Q20800404,P127-P1830
Q338825,Q380,P361-P527
Q338825,Q380,P361-P527
Q334800,Q380,P361-P527
Q334800,Q380,P361-P527
Q334204,Q380,P361-P527
Q334204,Q380,P361-P527
Q334800,Q3884,P127-P1830
Q334204,Q3884,P127-P1830
Q334800,Q312,P127-P1830
Q338825,Q312,P31-P5869
Q334204,Q312,P127-P1830
Q334204,Q312,P31-P5869
Q338825,Q2283,P361-P527
Q338825,Q2283,P355-P112
Q338825,Q2283,P355-P127
Q334204,Q2283,P361-P527
Q334204,Q2283,P127-P1830
Q334204,Q182477,P127-P1830
Q334800,Q182477,P127-P1830
Q334800,Q2283,P361-P527
Q334800,Q2283,P127-P1830
Q459965,Q483915,P361-P527
Q459965,Q898208,P361-P527
Q459965,Q1159256,P127-P1830
Q459965,Q663596,P127-P1830
Q445007,Q338825,P361-P527
Q459965,Q470517,P361-P527
Q459965,Q338825,P361-P527
Q459965,Q467752,P361-P527
Q459965,Q467752,P127-P1830
Q459965,Q66,P361-P527
Q459965,Q248,P361-P527
Q459965,Q248,P127-P1830
Q338825,Q248,P3320-P108
Q338825,Q544847,P3320-P108
Q459965,Q219508,P127-P1830
Q459965,Q219635,P127-P127
Q459965,Q219635,P127-P127
Q459965,Q334800,P127-P1830
Q459965,Q7414,P361-P527
Q459965,Q7414,P361-P527
Q459965,Q7414,P127-P1830
Q445007,Q7414,P361-P527
Q459965,Q247489,P361-P527
Q445007,Q38076,P361-P527
Q459965,Q941127,P361-P527
Q459965,Q38076,P361-P527
Q459965,Q38076,P361-P527
Q459965,Q38076,P31-P5869
Q459965,Q194360,P361-P527
Q459965,Q194360,P127-P1830
Q445007,Q1852556,P452-P527
Q445007,Q1852556,P1830-P127
Q459965,Q744149,P127-P1830
Q459965,Q334204,P361-P527
Q459965,Q193326,P361-P527
Q445007,Q334204,P361-P527
Q459965,Q37156,P361-P527
Q459965,Q37156,P127-P1830
Q459965,Q3295867,P361-P527
Q459965,Q3295867,P127-P1830
Q459965,Q212405,P361-P527
Q459965,Q212405,P127-P1830
Q459965,Q2103926,P361-P527
Q459965,Q173395,P361-P527
Q459965,Q319642,P361-P527
Q459965,Q864407,P361-P527
Q459965,Q333718,P361-P527
Q459965,Q333718,P127-P1830
Q459965,Q907311,P127-P1830
Q459965,Q156238,P127-P1830
Q459965,Q483551,P361-P527
Q459965,Q192314,P361-P527
Q459965,Q192314,P127-P1830
Q459965,Q328840,P361-P527
Q459965,Q19900,P127-P1830
Q459965,Q20800404,P127-P1830
Q445007,Q380,P361-P527
Q445007,Q380,P361-P527
Q459965,Q380,P361-P527
Q459965,Q380,P361-P527
Q459965,Q3884,P127-P1830
Q459965,Q182477,P127-P1830
Q467752,Q483915,P361-P527
Q459965,Q312,P361-P527
Q459965,Q312,P127-P1830
Q459965,Q312,P31-P5869
Q445007,Q2283,P361-P527
Q459965,Q2283,P361-P527
Q459965,Q2283,P361-P527
Q459965,Q2283,P127-P1830
Q470517,Q1113804,P361-P527
Q467752,Q898208,P361-P527
Q470517,Q11463,P361-P527
Q474621,Q338825,P361-P527
Q467752,Q1159256,P127-P1830
Q467752,Q338825,P361-P527
Q470517,Q338825,P361-P527
Q467752,Q470517,P361-P527
Q467752,Q663596,P127-P1830
Q467752,Q66,P361-P527
Q467752,Q248,P361-P527
Q467752,Q248,P127-P1830
Q470517,Q544847,P361-P527
Q467752,Q219635,P127-P127
Q467752,Q219635,P127-P127
Q467752,Q219508,P127-P1830
Q467752,Q35476,P155-P156
Q467752,Q35476,P155-P749
Q467752,Q334800,P127-P1830
Q470517,Q334800,P361-P527
Q467752,Q7414,P361-P527
Q467752,Q7414,P361-P527
Q467752,Q7414,P127-P1830
Q470517,Q7414,P361-P527
Q474621,Q7414,P361-P527
Q467752,Q38076,P361-P527
Q467752,Q38076,P361-P527
Q467752,Q38076,P31-P5869
Q470517,Q38076,P361-P527
Q470517,Q38076,P31-P5869
Q467752,Q247489,P361-P527
Q474621,Q38076,P361-P527
Q474621,Q38076,P31-P5869
Q467752,Q194360,P361-P527
Q467752,Q194360,P127-P1830
Q467752,Q941127,P361-P527
Q467752,Q334204,P361-P527
Q474621,Q334204,P361-P527
Q467752,Q459965,P361-P527
Q470517,Q334204,P361-P527
Q467752,Q37156,P361-P527
Q467752,Q37156,P127-P1830
Q467752,Q173395,P361-P527
Q467752,Q193326,P361-P527
Q467752,Q744149,P127-P1830
Q470517,Q173395,P361-P527
Q470517,Q3511885,P361-P527
Q467752,Q2103926,P361-P527
Q467752,Q319642,P361-P527
Q467752,Q3295867,P361-P527
Q467752,Q3295867,P127-P1830
Q467752,Q212405,P361-P527
Q467752,Q212405,P127-P1830
Q467752,Q864407,P361-P527
Q470517,Q715583,P361-P527
Q467752,Q333718,P361-P527
Q467752,Q333718,P127-P1830
Q467752,Q156238,P127-P1830
Q467752,Q907311,P127-P1830
Q467752,Q328840,P361-P527
Q467752,Q483551,P361-P527
Q467752,Q19900,P127-P1830
Q467752,Q192314,P361-P527
Q467752,Q192314,P127-P1830
Q467752,Q20800404,P127-P1830
Q470517,Q478214,P361-P527
Q470517,Q20800404,P361-P527
Q470517,Q555925,P361-P527
Q474621,Q2283,P361-P527
Q474621,Q312,P31-P5869
Q467752,Q380,P361-P527
Q467752,Q380,P361-P527
Q470517,Q380,P361-P527
Q470517,Q380,P361-P527
Q470517,Q380,P361-P527
Q467752,Q182477,P127-P1830
Q467752,Q312,P361-P527
Q467752,Q312,P127-P1830
Q467752,Q312,P31-P5869
Q470517,Q3884,P361-P527
Q470517,Q312,P361-P527
Q470517,Q312,P31-P5869
Q470517,Q2283,P361-P527
Q470517,Q2283,P361-P527
Q483551,Q483915,P361-P527
Q474621,Q380,P361-P527
Q467752,Q2283,P361-P527
Q467752,Q2283,P361-P527
Q467752,Q2283,P127-P1830
Q467752,Q3884,P127-P1830
Q470517,Q182477,P361-P527
Q478214,Q1113804,P361-P527
Q483551,Q1570773,P1830-P749
Q483551,Q1570773,P355-P127
Q483551,Q1570773,P1830-P127
Q483551,Q1570773,P355-P749
Q483551,Q1570773,P1830-P749
Q483551,Q1570773,P355-P749
Q483551,Q898208,P361-P527
Q478214,Q11463,P361-P527
Q483551,Q663596,P127-P1830
Q483551,Q1159256,P127-P1830
Q483551,Q338825,P361-P527
Q478214,Q338825,P361-P527
Q483551,Q470517,P361-P527
Q483551,Q66,P361-P527
Q483551,Q467752,P127-P1830
Q483551,Q467752,P361-P527
Q483551,Q248,P127-P1830
Q483551,Q248,P361-P527
Q483551,Q219635,P127-P127
Q483551,Q219635,P127-P127
Q483551,Q219508,P127-P1830
Q478214,Q544847,P361-P527
Q483551,Q334800,P127-P1830
Q483551,Q7414,P361-P527
Q483551,Q7414,P361-P527
Q483551,Q35476,P3320-P108
Q483551,Q35476,P3320-P1416
Q478214,Q334800,P361-P527
Q478214,Q7414,P361-P527
Q483551,Q7414,P127-P1830
Q483551,Q38076,P31-P5869
Q483551,Q38076,P361-P527
Q483551,Q38076,P361-P527
Q483551,Q247489,P361-P527
Q478214,Q38076,P361-P527
Q478214,Q38076,P31-P5869
Q483551,Q194360,P127-P1830
Q483551,Q194360,P361-P527
Q483551,Q193326,P361-P527
Q483551,Q459965,P361-P527
Q483551,Q941127,P361-P527
Q483551,Q334204,P361-P527
Q478214,Q334204,P361-P527
Q483551,Q3295867,P361-P527
Q483551,Q744149,P127-P1830
Q483551,Q37156,P127-P1830
Q483551,Q37156,P361-P527
Q478214,Q173395,P361-P527
Q478214,Q3511885,P361-P527
Q483551,Q3295867,P127-P1830
Q483551,Q173395,P361-P527
Q483551,Q319642,P361-P527
Q483551,Q212405,P361-P527
Q483551,Q2103926,P361-P527
Q483551,Q212405,P127-P1830
Q483551,Q864407,P361-P527
Q483551,Q333718,P127-P1830
Q478214,Q715583,P361-P527
Q483551,Q333718,P361-P527
Q483551,Q328840,P361-P527
Q483551,Q907311,P127-P1830
Q483551,Q156238,P127-P1830
Q483551,Q192314,P127-P1830
Q478214,Q3884,P361-P527
Q478214,Q19900,P127-P1830
Q478214,Q20800404,P361-P527
Q478214,Q380,P361-P527
Q478214,Q380,P361-P527
Q478214,Q380,P361-P527
Q483551,Q192314,P361-P527
Q478214,Q19900,P3320-P1830
Q483551,Q380,P361-P527
Q483551,Q380,P361-P527
Q483551,Q19900,P127-P1830
Q478214,Q555925,P361-P527
Q483551,Q20800404,P127-P1830
Q478214,Q312,P361-P527
Q478214,Q312,P31-P5869
Q483551,Q312,P127-P1830
Q483551,Q312,P31-P5869
Q483551,Q2283,P127-P1830
Q478214,Q182477,P361-P527
Q483551,Q3884,P127-P1830
Q483551,Q312,P361-P527
Q483551,Q2283,P361-P527
Q483551,Q2283,P361-P527
Q478214,Q2283,P361-P527
Q478214,Q2283,P361-P527
Q483551,Q182477,P127-P1830
Q484930,Q1113804,P361-P527
Q483915,Q898208,P361-P527
Q484930,Q11463,P361-P527
Q483915,Q338825,P361-P527
Q484930,Q338825,P361-P527
Q483915,Q66,P361-P527
Q483915,Q470517,P361-P527
Q483915,Q467752,P361-P527
Q484930,Q544847,P361-P527
Q483915,Q248,P361-P527
Q484930,Q334800,P361-P527
Q483915,Q7414,P361-P527
Q483915,Q7414,P361-P527
Q483915,Q38076,P31-P5869
Q483915,Q194360,P361-P527
Q484930,Q38076,P361-P527
Q484930,Q38076,P31-P5869
Q484930,Q7414,P361-P527
Q483915,Q247489,P361-P527
Q483915,Q38076,P361-P527
Q483915,Q38076,P361-P527
Q483915,Q334204,P361-P527
Q483915,Q459965,P361-P527
Q483915,Q941127,P361-P527
Q484930,Q334204,P361-P527
Q483915,Q193326,P361-P527
Q484930,Q3511885,P361-P527
Q484930,Q173395,P361-P527
Q483915,Q37156,P361-P527
Q483915,Q37156,P3320-P108
Q483915,Q3295867,P361-P527
Q483915,Q319642,P361-P527
Q483915,Q173395,P361-P527
Q483915,Q54173,P3320-P1416
Q483915,Q212405,P361-P527
Q483915,Q2103926,P361-P527
Q483915,Q864407,P361-P527
Q484930,Q715583,P361-P527
Q483915,Q328840,P361-P527
Q483915,Q333718,P361-P527
Q483915,Q483551,P361-P527
Q483915,Q192314,P361-P527
Q484930,Q20800404,P361-P527
Q484930,Q478214,P361-P527
Q483915,Q380,P361-P527
Q483915,Q380,P361-P527
Q484930,Q3884,P361-P527
Q483915,Q312,P361-P527
Q483915,Q312,P31-P5869
Q484930,Q380,P361-P527
Q484930,Q380,P361-P527
Q483915,Q2283,P361-P527
Q483915,Q2283,P361-P527
Q483915,Q312,P3320-P108
Q484930,Q555925,P361-P527
Q484930,Q2283,P361-P527
Q484930,Q2283,P361-P527
Q484930,Q312,P361-P527
Q484930,Q312,P31-P5869
Q484930,Q182477,P361-P527
Q489080,Q1113804,P361-P527
Q489080,Q11463,P361-P527
Q487907,Q1159256,P127-P1830
Q487907,Q338825,P361-P527
Q489080,Q338825,P361-P527
Q487907,Q663596,P127-P1830
Q487907,Q467752,P127-P1830
Q487907,Q248,P127-P1830
Q489080,Q544847,P361-P527
Q487907,Q219635,P127-P127
Q487907,Q219508,P127-P1830
Q487907,Q219635,P127-P127
Q489080,Q7414,P361-P527
Q487907,Q334800,P127-P1830
Q487907,Q7414,P127-P1830
Q487907,Q7414,P361-P527
Q489080,Q334800,P361-P527
Q487907,Q38076,P31-P5869
Q487907,Q38076,P361-P527
Q489080,Q38076,P361-P527
Q489080,Q38076,P31-P5869
Q487907,Q194360,P127-P1830
Q487907,Q194360,P127-P1830
Q489080,Q334204,P361-P527
Q487907,Q37156,P127-P1830
Q487907,Q37156,P127-P1830
Q487907,Q334204,P361-P527
Q489080,Q173395,P361-P527
Q489080,Q3511885,P361-P527
Q487907,Q744149,P127-P1830
Q487907,Q744149,P127-P1830
Q484930,Q37156,P463-P527
Q487907,Q3295867,P127-P1830
Q487907,Q3295867,P127-P1830
Q487907,Q212405,P127-P1830
Q489080,Q715583,P361-P527
Q487907,Q333718,P127-P1830
Q487907,Q156238,P127-P1830
Q487907,Q907311,P127-P1830
Q489080,Q478214,P361-P527
Q487907,Q217583,P127-P127
Q487907,Q192314,P127-P1830
Q487907,Q19900,P127-P1830
Q489080,Q20800404,P361-P527
Q489080,Q380,P361-P527
Q489080,Q380,P361-P527
Q487907,Q20800404,P127-P1830
Q487907,Q380,P361-P527
Q487907,Q380,P361-P527
Q487907,Q312,P127-P1830
Q487907,Q312,P31-P5869
Q489080,Q182477,P361-P527
Q489080,Q555925,P361-P527
Q489080,Q3884,P361-P527
Q487907,Q3884,P127-P1830
Q489080,Q312,P361-P527
Q489080,Q312,P31-P5869
Q487907,Q182477,P127-P1830
Q489080,Q2283,P361-P527
Q489080,Q2283,P361-P527
Q487907,Q2283,P361-P527
Q487907,Q2283,P127-P1830
Q489921,Q338825,P361-P527
Q496302,Q338825,P361-P527
Q489921,Q467752,P3320-P1416
Q496302,Q7414,P361-P527
Q489921,Q7414,P361-P527
Q496302,Q38076,P361-P527
Q496302,Q38076,P31-P5869
Q489921,Q38076,P361-P527
Q489921,Q38076,P31-P5869
Q489921,Q193326,P3320-P108
Q496302,Q334204,P361-P527
Q489921,Q334204,P361-P527
Q489921,Q380,P361-P527
Q489921,Q380,P361-P527
Q496302,Q380,P361-P527
Q496302,Q380,P361-P527
Q489921,Q312,P31-P5869
Q489921,Q2283,P361-P527
Q496302,Q2283,P361-P527
Q496302,Q312,P31-P5869
Q621610,Q1113804,P361-P527
Q555925,Q11463,P463-P527
Q621610,Q11463,P361-P527
Q544847,Q338825,P361-P527
Q621610,Q338825,P361-P527
Q555925,Q248,P463-P112
Q555925,Q248,P463-P527
Q621610,Q544847,P361-P527
Q621610,Q7414,P361-P527
Q544847,Q7414,P361-P527
Q555925,Q38076,P31-P5869
Q544847,Q38076,P361-P527
Q621610,Q334800,P361-P527
Q544847,Q38076,P31-P5869
Q621610,Q38076,P361-P527
Q621610,Q38076,P31-P5869
Q621610,Q3511885,P361-P527
Q621610,Q334204,P361-P527
Q544847,Q334204,P361-P527
Q555925,Q173395,P463-P112
Q555925,Q173395,P463-P527
Q555925,Q37156,P463-P527
Q555925,Q37156,P463-P527
Q621610,Q173395,P361-P527
Q555925,Q128896,P463-P527
Q621610,Q715583,P361-P527
Q555925,Q907311,P463-P112
Q555925,Q907311,P463-P527
Q621610,Q478214,P361-P527
Q621610,Q20800404,P361-P527
Q621610,Q555925,P361-P527
Q555925,Q380,P361-P527
Q555925,Q380,P463-P527
Q555925,Q182477,P463-P527
Q621610,Q312,P361-P527
Q621610,Q312,P31-P5869
Q621610,Q380,P361-P527
Q621610,Q380,P361-P527
Q555925,Q3884,P463-P112
Q555925,Q3884,P463-P527
Q544847,Q380,P361-P527
Q544847,Q380,P361-P527
Q544847,Q312,P31-P5869
Q544847,Q2283,P361-P527
Q621610,Q182477,P361-P527
Q621610,Q2283,P361-P527
Q621610,Q2283,P361-P527
Q621610,Q3884,P361-P527
Q555925,Q312,P31-P5869
Q555925,Q312,P463-P527
Q555925,Q2283,P463-P112
Q555925,Q2283,P463-P527
Q624649,Q338825,P361-P527
Q663596,Q1159256,P127-P1830
Q643674,Q338825,P361-P527
Q632240,Q338825,P361-P527
Q642189,Q338825,P361-P527
Q663596,Q467752,P127-P1830
Q632240,Q248,P3320-P108
Q663596,Q248,P127-P1830
Q663596,Q219635,P127-P127
Q663596,Q219508,P127-P1830
Q642189,Q248,P169-P1416
Q642189,Q7414,P361-P527
Q632240,Q7414,P361-P527
Q624649,Q7414,P361-P527
Q643674,Q38076,P361-P527
Q643674,Q38076,P31-P5869
Q643674,Q7414,P361-P527
Q663596,Q7414,P127-P1830
Q663596,Q38076,P31-P5869
Q663596,Q334800,P127-P1830
Q624649,Q38076,P361-P527
Q624649,Q38076,P31-P5869
Q663596,Q194360,P127-P1830
Q642189,Q38076,P31-P5869
Q632240,Q38076,P31-P5869
Q632240,Q38076,P361-P527
Q632240,Q38076,P3320-P108
Q642189,Q38076,P361-P527
Q632240,Q334204,P361-P527
Q632240,Q193326,P3320-P108
Q624649,Q334204,P361-P527
Q642189,Q334204,P361-P527
Q663596,Q744149,P127-P1830
Q663596,Q37156,P127-P1830
Q643674,Q334204,P361-P527
Q632240,Q173395,P3320-P108
Q663596,Q3295867,P127-P1830
Q663596,Q212405,P127-P1830
Q663596,Q333718,P127-P1830
Q663596,Q156238,P127-P1830
Q663596,Q907311,P127-P1830
Q663596,Q19900,P127-P1830
Q624649,Q380,P361-P527
Q632240,Q380,P361-P527
Q632240,Q380,P361-P527
Q663596,Q192314,P127-P1830
Q663596,Q20800404,P127-P1830
Q643674,Q380,P361-P527
Q643674,Q380,P361-P527
Q642189,Q380,P361-P527
Q642189,Q380,P361-P527
Q632240,Q312,P31-P5869
Q643674,Q312,P31-P5869
Q642189,Q312,P31-P5869
Q643674,Q2283,P361-P527
Q624649,Q2283,P361-P527
Q642189,Q2283,P361-P527
Q663596,Q182477,P127-P1830
Q624649,Q312,P31-P5869
Q663596,Q3884,P127-P1830
Q663596,Q312,P127-P1830
Q663596,Q312,P31-P5869
Q663596,Q2283,P127-P1830
Q632240,Q2283,P361-P527
Q715583,Q1113804,P361-P527
Q715583,Q338825,P361-P527
Q715583,Q11463,P361-P527
Q715583,Q663596,P127-P1830
Q715583,Q1159256,P127-P1830
Q682759,Q338825,P361-P527
Q663596,Q338825,P361-P527
Q715583,Q467752,P127-P1830
Q715583,Q248,P127-P1830
Q663596,Q219635,P127-P127
Q715583,Q544847,P361-P527
Q715583,Q219635,P127-P127
Q715583,Q219635,P127-P127
Q715583,Q219508,P127-P1830
Q715583,Q334800,P361-P527
Q715583,Q334800,P127-P1830
Q663596,Q7414,P361-P527
Q715583,Q7414,P361-P527
Q715583,Q7414,P127-P1830
Q715583,Q38076,P361-P527
Q715583,Q38076,P31-P5869
Q682759,Q38076,P31-P5869
Q682759,Q7414,P361-P527
Q663596,Q38076,P361-P527
Q715583,Q194360,P127-P1830
Q682759,Q38076,P361-P527
Q715583,Q334204,P361-P527
Q682759,Q334204,P361-P527
Q715583,Q744149,P127-P1830
Q715583,Q3511885,P361-P527
Q663596,Q334204,P361-P527
Q715583,Q173395,P361-P527
Q715583,Q3295867,P127-P1830
Q715583,Q37156,P127-P1830
Q715583,Q212405,P127-P1830
Q715583,Q907311,P127-P1830
Q715583,Q156238,P127-P1830
Q715583,Q333718,P127-P1830
Q715583,Q192314,P127-P1830
Q715583,Q19900,P127-P1830
Q715583,Q217583,P3320-P108
Q682759,Q380,P361-P527
Q682759,Q380,P361-P527
Q715583,Q20800404,P361-P527
Q715583,Q478214,P361-P527
Q715583,Q20800404,P127-P1830
Q715583,Q555925,P361-P527
Q715583,Q312,P361-P527
Q715583,Q3884,P361-P527
Q663596,Q380,P361-P527
Q663596,Q380,P361-P527
Q715583,Q3884,P127-P1830
Q682759,Q2283,P361-P527
Q715583,Q380,P361-P527
Q715583,Q380,P361-P527
Q715583,Q380,P361-P527
Q663596,Q2283,P361-P527
Q715583,Q2283,P361-P527
Q715583,Q2283,P361-P527
Q715583,Q2283,P3320-P108
Q715583,Q2283,P3320-P108
Q715583,Q2283,P3320-P1416
Q864407,Q483915,P361-P527
Q715583,Q182477,P127-P1830
Q715583,Q182477,P361-P527
Q682759,Q312,P31-P5869
Q715583,Q312,P127-P1830
Q715583,Q312,P31-P5869
Q715583,Q2283,P127-P1830
Q864407,Q898208,P361-P527
Q864407,Q1159256,P127-P1830
Q864407,Q338825,P361-P527
Q864407,Q470517,P361-P527
Q744149,Q1159256,P127-P1830
Q868587,Q338825,P361-P527
Q744149,Q338825,P361-P527
Q864407,Q663596,P127-P1830
Q744149,Q663596,P127-P1830
Q864407,Q66,P361-P527
Q864407,Q467752,P361-P527
Q864407,Q467752,P127-P1830
Q744149,Q467752,P127-P1830
Q744149,Q248,P127-P1830
Q864407,Q219635,P127-P127
Q864407,Q219635,P127-P127
Q864407,Q219508,P127-P1830
Q864407,Q248,P361-P527
Q864407,Q248,P127-P1830
Q744149,Q219635,P127-P127
Q744149,Q219635,P127-P127
Q864407,Q334800,P127-P1830
Q864407,Q7414,P361-P527
Q864407,Q7414,P361-P527
Q864407,Q7414,P127-P1830
Q744149,Q219508,P127-P1830
Q744149,Q7414,P361-P527
Q744149,Q7414,P127-P1830
Q744149,Q334800,P127-P1830
Q864407,Q247489,P361-P527
Q868587,Q38076,P361-P527
Q868587,Q38076,P31-P5869
Q864407,Q38076,P361-P527
Q864407,Q38076,P361-P527
Q864407,Q38076,P31-P5869
Q744149,Q194360,P127-P1830
Q744149,Q194360,P127-P1830
Q868587,Q7414,P361-P527
Q880942,Q38076,P31-P5869
Q864407,Q459965,P361-P527
Q744149,Q38076,P361-P527
Q744149,Q38076,P31-P5869
Q864407,Q194360,P361-P527
Q864407,Q194360,P127-P1830
Q864407,Q193326,P361-P527
Q868587,Q334204,P361-P527
Q864407,Q334204,P361-P527
Q864407,Q941127,P361-P527
Q864407,Q37156,P361-P527
Q864407,Q37156,P127-P1830
Q744149,Q334204,P361-P527
Q864407,Q744149,P127-P1830
Q864407,Q173395,P361-P527
Q744149,Q3295867,P127-P1830
Q744149,Q3295867,P127-P1830
Q744149,Q37156,P127-P1830
Q744149,Q37156,P127-P1830
Q864407,Q212405,P361-P527
Q864407,Q212405,P127-P1830
Q744149,Q212405,P127-P1830
Q864407,Q3295867,P361-P527
Q864407,Q3295867,P127-P1830
Q864407,Q319642,P361-P527
Q864407,Q2103926,P361-P527
Q744149,Q333718,P127-P1830
Q744149,Q907311,P127-P1830
Q864407,Q907311,P127-P1830
Q864407,Q333718,P127-P1830
Q744149,Q328840,P3320-P1416
Q864407,Q333718,P361-P527
Q864407,Q156238,P127-P1830
Q744149,Q156238,P127-P1830
Q744149,Q328840,P169-P1416
Q744149,Q328840,P1037-P1416
Q864407,Q328840,P361-P527
Q744149,Q192314,P3320-P108
Q864407,Q192314,P127-P1830
Q744149,Q217583,P127-P127
Q864407,Q192314,P361-P527
Q744149,Q19900,P127-P1830
Q864407,Q483551,P361-P527
Q744149,Q192314,P127-P1830
Q864407,Q380,P361-P527
Q864407,Q380,P361-P527
Q744149,Q3884,P127-P1830
Q864407,Q19900,P127-P1830
Q744149,Q20800404,P127-P1830
Q864407,Q312,P127-P1830
Q864407,Q312,P31-P5869
Q864407,Q3884,P127-P1830
Q880942,Q312,P31-P5869
Q744149,Q380,P361-P527
Q744149,Q380,P361-P527
Q864407,Q2283,P361-P527
Q864407,Q2283,P361-P527
Q864407,Q312,P361-P527
Q744149,Q2283,P361-P527
Q744149,Q2283,P127-P1830
Q868587,Q312,P31-P5869
Q868587,Q380,P361-P527
Q864407,Q20800404,P127-P1830
Q868587,Q2283,P361-P527
Q864407,Q182477,P127-P1830
Q864407,Q2283,P127-P1830
Q744149,Q182477,P127-P1830
Q744149,Q312,P127-P1830
Q744149,Q312,P31-P5869
Q894585,Q338825,P361-P527
Q898208,Q338825,P361-P527
Q907311,Q219635,P1889-P127
Q907311,Q219635,P112-P127
Q907311,Q219635,P137-P127
Q898208,Q7414,P361-P527
Q894585,Q7414,P361-P527
Q898208,Q38076,P31-P5869
Q898208,Q38076,P361-P527
Q894585,Q38076,P31-P5869
Q894585,Q38076,P361-P527
Q894585,Q334204,P361-P527
Q898208,Q334204,P361-P527
Q898208,Q37156,P463-P527
Q907311,Q20800404,P361-P527
Q907311,Q380,P361-P527
Q907311,Q3884,P361-P527
Q907311,Q3884,P2283-P127
Q907311,Q3884,P2283-P178
Q907311,Q3884,P2283-P749
Q898208,Q380,P361-P527
Q898208,Q380,P361-P527
Q898208,Q312,P31-P5869
Q894585,Q2283,P361-P527
Q907311,Q312,P750-P137
Q907311,Q312,P750-P178
Q907311,Q312,P361-P527
Q894585,Q380,P361-P527
Q894585,Q312,P31-P5869
Q898208,Q2283,P361-P527
Q907311,Q2283,P361-P527
Q967868,Q338825,P361-P527
Q941127,Q338825,P361-P527
Q1034654,Q338825,P361-P527
Q967868,Q7414,P361-P527
Q941127,Q7414,P361-P527
Q1034654,Q7414,P361-P527
Q941127,Q38076,P31-P5869
Q941127,Q38076,P361-P527
Q967868,Q38076,P361-P527
Q1034654,Q38076,P361-P527
Q1034654,Q38076,P31-P5869
Q967868,Q334204,P361-P527
Q941127,Q334204,P361-P527
Q941127,Q37156,P463-P527
Q1034654,Q37156,P463-P527
Q1034654,Q334204,P361-P527
Q941127,Q19900,P112-P108
Q941127,Q19900,P127-P108
Q941127,Q19900,P169-P108
Q1034654,Q380,P361-P527
Q1034654,Q380,P361-P527
Q941127,Q380,P361-P527
Q941127,Q380,P361-P527
Q941127,Q312,P31-P5869
Q941127,Q2283,P361-P527
Q941127,Q2283,P463-P527
Q1034654,Q312,P31-P5869
Q967868,Q380,P361-P527
Q967868,Q380,P361-P527
Q967868,Q2283,P361-P527
Q1034654,Q2283,P361-P527
Q1113804,Q11463,P361-P527
Q1089060,Q338825,P361-P527
Q1066028,Q338825,P361-P527
Q1113804,Q338825,P361-P527
Q1159256,Q663596,P127-P1830
Q1159256,Q338825,P361-P527
Q1197548,Q338825,P361-P527
Q1159256,Q467752,P127-P1830
Q1113804,Q544847,P361-P527
Q1159256,Q248,P127-P1830
Q1113804,Q7414,P361-P527
Q1066028,Q7414,P361-P527
Q1113804,Q334800,P361-P527
Q1089060,Q7414,P361-P527
Q1159256,Q219508,P127-P1830
Q1159256,Q7414,P361-P527
Q1159256,Q7414,P127-P1830
Q1197548,Q7414,P361-P527
Q1197548,Q38076,P361-P527
Q1197548,Q38076,P31-P5869
Q1113804,Q38076,P31-P5869
Q1113804,Q38076,P361-P527
Q1159256,Q38076,P361-P527
Q1066028,Q38076,P361-P527
Q1066028,Q38076,P31-P5869
Q1159256,Q334800,P127-P1830
Q1089060,Q38076,P361-P527
Q1089060,Q38076,P31-P5869
Q1159256,Q194360,P127-P1830
Q1066028,Q334204,P361-P527
Q1113804,Q334204,P361-P527
Q1089060,Q334204,P361-P527
Q1197548,Q334204,P361-P527
Q1159256,Q334204,P361-P527
Q1113804,Q173395,P361-P527
Q1159256,Q3295867,P127-P1830
Q1159256,Q37156,P127-P1830
Q1159256,Q744149,P127-P1830
Q1113804,Q3511885,P361-P527
Q1113804,Q54173,P355-P112
Q1159256,Q212405,P127-P1830
Q1113804,Q715583,P361-P527
Q1159256,Q907311,P127-P1830
Q1159256,Q333718,P127-P1830
Q1159256,Q156238,P127-P1830
Q1159256,Q192314,P127-P1830
Q1113804,Q20800404,P361-P527
Q1113804,Q478214,P361-P527
Q1159256,Q19900,P127-P1830
Q1159256,Q20800404,P127-P1830
Q1159256,Q380,P361-P527
Q1159256,Q380,P361-P527
Q1113804,Q312,P31-P5869
Q1197548,Q380,P361-P527
Q1066028,Q380,P361-P527
Q1066028,Q380,P361-P527
Q1113804,Q3884,P361-P527
Q1113804,Q555925,P361-P527
Q1113804,Q312,P361-P527
Q1089060,Q380,P361-P527
Q1159256,Q3884,P127-P1830
Q1113804,Q2283,P361-P527
Q1113804,Q2283,P361-P527
Q1089060,Q312,P31-P5869
Q1113804,Q380,P361-P527
Q1113804,Q380,P361-P527
Q1113804,Q380,P361-P527
Q1066028,Q2283,P361-P527
Q1197548,Q312,P31-P5869
Q1159256,Q312,P127-P1830
Q1159256,Q182477,P127-P1830
Q1113804,Q182477,P361-P527
Q1066028,Q312,P31-P5869
Q1089060,Q2283,P361-P527
Q1159256,Q2283,P361-P527
Q1159256,Q2283,P127-P1830
Q1197548,Q2283,P361-P527
Q1285819,Q338825,P361-P527
Q1342041,Q338825,P361-P527
Q1318848,Q338825,P361-P527
Q1373493,Q338825,P361-P527
Q1318848,Q7414,P361-P527
Q1342041,Q7414,P361-P527
Q1285819,Q7414,P361-P527
Q1342041,Q38076,P361-P527
Q1373493,Q7414,P361-P527
Q1285819,Q38076,P31-P5869
Q1285819,Q38076,P361-P527
Q1318848,Q38076,P31-P5869
Q1342041,Q38076,P31-P5869
Q1318848,Q38076,P361-P527
Q1373493,Q38076,P361-P527
Q1318848,Q334204,P361-P527
Q1285819,Q334204,P361-P527
Q1342041,Q334204,P361-P527
Q1373493,Q334204,P361-P527
Q1197548,Q37156,P463-P527
Q1197548,Q37156,P463-P112
Q1318848,Q37156,P463-P527
Q1318848,Q212405,P112-P108
Q1318848,Q907311,P463-P112
Q1285819,Q380,P361-P527
Q1318848,Q3884,P463-P112
Q1342041,Q312,P31-P5869
Q1318848,Q380,P361-P527
Q1318848,Q380,P361-P527
Q1318848,Q2283,P361-P527
Q1318848,Q2283,P463-P112
Q1342041,Q380,P361-P527
Q1373493,Q380,P361-P527
Q1373493,Q380,P361-P527
Q1318848,Q312,P31-P5869
Q1373493,Q2283,P361-P527
Q1285819,Q312,P31-P5869
Q1342041,Q2283,P361-P527
Q1285819,Q2283,P361-P527
Q2103926,Q483915,P361-P527
Q1852556,Q445007,P452-P527
Q2103926,Q898208,P361-P527
Q2304693,Q338825,P361-P527
Q1852556,Q338825,P361-P527
Q1852556,Q663596,P127-P1830
Q1852556,Q1159256,P127-P1830
Q2103926,Q338825,P361-P527
Q2103926,Q470517,P361-P527
Q1786345,Q338825,P361-P527
Q2103926,Q66,P361-P527
Q2103926,Q467752,P361-P527
Q1852556,Q467752,P127-P1830
Q1852556,Q219635,P127-P127
Q1852556,Q219635,P127-P127
Q2103926,Q248,P361-P527
Q1852556,Q219508,P127-P1830
Q1852556,Q248,P127-P1830
Q1786345,Q7414,P361-P527
Q2103926,Q7414,P361-P527
Q2103926,Q7414,P361-P527
Q1852556,Q334800,P127-P1830
Q1852556,Q7414,P361-P527
Q1852556,Q7414,P127-P1830
Q2304693,Q7414,P361-P527
Q1852556,Q38076,P361-P527
Q1852556,Q38076,P31-P5869
Q1786345,Q38076,P361-P527
Q1786345,Q38076,P31-P5869
Q2103926,Q247489,P361-P527
Q1852556,Q194360,P127-P1830
Q1570773,Q38076,P31-P5869
Q2103926,Q38076,P361-P527
Q2103926,Q38076,P361-P527
Q2103926,Q38076,P31-P5869
Q2103926,Q334204,P361-P527
Q2304693,Q334204,P361-P527
Q2304693,Q38076,P31-P5869
Q2103926,Q194360,P361-P527
Q2304693,Q38076,P361-P527
Q2103926,Q941127,P361-P527
Q2103926,Q193326,P361-P527
Q2103926,Q459965,P361-P527
Q1852556,Q744149,P127-P1830
Q1852556,Q334204,P361-P527
Q2103926,Q173395,P361-P527
Q1786345,Q334204,P361-P527
Q1852556,Q37156,P127-P1830
Q2103926,Q37156,P361-P527
Q1852556,Q3295867,P127-P1830
Q2103926,Q319642,P361-P527
Q2103926,Q3295867,P361-P527
Q1852556,Q333718,P127-P1830
Q2103926,Q864407,P361-P527
Q1852556,Q212405,P127-P1830
Q2103926,Q212405,P361-P527
Q2103926,Q333718,P361-P527
Q1852556,Q156238,P127-P1830
Q2103926,Q328840,P361-P527
Q2103926,Q483551,P361-P527
Q1570773,Q483551,P355-P127
Q1570773,Q483551,P1830-P127
Q1852556,Q907311,P127-P1830
Q2103926,Q192314,P361-P527
Q1852556,Q19900,P127-P1830
Q1852556,Q192314,P127-P1830
Q1786345,Q2283,P361-P527
Q2103926,Q380,P361-P527
Q2103926,Q380,P361-P527
Q1852556,Q312,P127-P1830
Q1852556,Q20800404,P127-P1830
Q1852556,Q380,P361-P527
Q1852556,Q380,P361-P527
Q1786345,Q380,P361-P527
Q1786345,Q312,P31-P5869
Q2103926,Q312,P361-P527
Q2103926,Q312,P31-P5869
Q1852556,Q312,P31-P5869
Q1852556,Q3884,P127-P1830
Q2304693,Q380,P361-P527
Q2304693,Q380,P361-P527
Q2304693,Q312,P31-P5869
Q1852556,Q2283,P361-P527
Q1852556,Q2283,P127-P1830
Q1852556,Q182477,P127-P1830
Q1570773,Q312,P31-P5869
Q2304693,Q2283,P361-P527
Q2103926,Q2283,P361-P527
Q2103926,Q2283,P361-P527
Q3295867,Q483915,P361-P527
Q2744099,Q1113804,P361-P527
Q3295867,Q898208,P361-P527
Q2744099,Q338825,P361-P527
Q2744099,Q11463,P361-P527
Q3295867,Q1159256,P127-P1830
Q2743863,Q338825,P361-P527
Q3295867,Q663596,P127-P1830
Q2357515,Q338825,P361-P527
Q2861324,Q338825,P361-P527
Q3295867,Q338825,P361-P527
Q3295867,Q467752,P361-P527
Q3295867,Q66,P361-P527
Q3295867,Q467752,P127-P1830
Q3295867,Q470517,P361-P527
Q3295867,Q248,P127-P1830
Q3295867,Q248,P361-P527
Q3295867,Q219635,P127-P127
Q3295867,Q219635,P127-P127
Q2744099,Q544847,P361-P527
Q3295867,Q219508,P127-P1830
Q2743863,Q7414,P361-P527
Q2744099,Q7414,P361-P527
Q3295867,Q7414,P127-P1830
Q2861324,Q7414,P361-P527
Q2744099,Q334800,P361-P527
Q3295867,Q7414,P361-P527
Q3295867,Q7414,P361-P527
Q2357515,Q7414,P361-P527
Q3295867,Q334800,P127-P1830
Q3295867,Q334800,P1344-P710
Q2744099,Q38076,P361-P527
Q2744099,Q38076,P31-P5869
Q2743863,Q38076,P361-P527
Q2743863,Q38076,P31-P5869
Q2357515,Q38076,P361-P527
Q2357515,Q38076,P31-P5869
Q3295867,Q194360,P127-P1830
Q3295867,Q194360,P127-P1830
Q3295867,Q194360,P361-P527
Q3295867,Q247489,P361-P527
Q2861324,Q38076,P361-P527
Q2861324,Q38076,P31-P5869
Q3295867,Q38076,P361-P527
Q3295867,Q38076,P361-P527
Q3295867,Q193326,P361-P527
Q2357515,Q334204,P361-P527
Q3295867,Q334204,P361-P527
Q3295867,Q941127,P361-P527
Q2743863,Q334204,P361-P527
Q2744099,Q334204,P361-P527
Q2861324,Q334204,P361-P527
Q3295867,Q744149,P127-P1830
Q3295867,Q744149,P127-P1830
Q3295867,Q459965,P361-P527
Q2861324,Q37156,P463-P527
Q2744099,Q173395,P361-P527
Q3295867,Q319642,P361-P527
Q3295867,Q37156,P127-P1830
Q3295867,Q37156,P127-P1830
Q3295867,Q173395,P361-P527
Q3295867,Q37156,P361-P527
Q2744099,Q3511885,P361-P527
Q3295867,Q212405,P127-P1830
Q3295867,Q212405,P361-P527
Q3295867,Q2103926,P361-P527
Q2744099,Q715583,P361-P527
Q3295867,Q864407,P361-P527
Q3295867,Q333718,P127-P1830
Q3295867,Q333718,P361-P527
Q3295867,Q907311,P127-P1830
Q3295867,Q156238,P127-P1830
Q3295867,Q328840,P361-P527
Q3295867,Q192314,P127-P1830
Q3295867,Q483551,P361-P527
Q3295867,Q20800404,P127-P1830
Q3295867,Q192314,P361-P527
Q3295867,Q19900,P127-P1830
Q2744099,Q478214,P361-P527
Q2743863,Q380,P361-P527
Q2743863,Q380,P361-P527
Q2744099,Q555925,P361-P527
Q2744099,Q20800404,P361-P527
Q3295867,Q217583,P127-P127
Q2861324,Q380,P361-P527
Q2744099,Q380,P361-P527
Q2744099,Q380,P361-P527
Q2744099,Q312,P361-P527
Q2744099,Q312,P31-P5869
Q2861324,Q2283,P361-P527
Q2743863,Q312,P31-P5869
Q2861324,Q312,P31-P5869
Q2357515,Q380,P361-P527
Q3295867,Q2283,P127-P1830
Q2744099,Q182477,P361-P527
Q3295867,Q2283,P361-P527
Q3295867,Q2283,P361-P527
Q3295867,Q3884,P127-P1830
Q3295867,Q312,P127-P1830
Q2744099,Q3884,P361-P527
Q3295867,Q380,P361-P527
Q3295867,Q380,P361-P527
Q2357515,Q312,P31-P5869
Q2744099,Q2283,P361-P527
Q2744099,Q2283,P361-P527
Q2357515,Q2283,P361-P527
Q3295867,Q312,P361-P527
Q2743863,Q2283,P361-P527
Q3295867,Q182477,P127-P1830
Q3511885,Q1113804,P361-P527
Q3511885,Q11463,P361-P527
Q3511885,Q338825,P361-P527
Q7248721,Q338825,P361-P527
Q3511885,Q219635,P127-P127
Q3511885,Q219635,P749-P127
Q3511885,Q544847,P361-P527
Q3511885,Q7414,P361-P527
Q3511885,Q334800,P361-P527
Q7248721,Q7414,P361-P527
Q7248721,Q38076,P361-P527
Q7248721,Q38076,P31-P5869
Q3511885,Q38076,P361-P527
Q3511885,Q38076,P31-P5869
Q7128508,Q38076,P31-P5869
Q3511885,Q334204,P361-P527
Q7248721,Q334204,P361-P527
Q7248721,Q193326,P3320-P108
Q3511885,Q173395,P361-P527
Q7128508,Q37156,P463-P527
Q3511885,Q715583,P361-P527
Q3511885,Q192314,P127-P127
Q3511885,Q380,P361-P527
Q3511885,Q380,P361-P527
Q3511885,Q380,P361-P527
Q3511885,Q555925,P361-P527
Q3295867,Q380,P3320-P1416
Q7248721,Q380,P361-P527
Q3511885,Q20800404,P361-P527
Q3511885,Q3884,P361-P527
Q3511885,Q182477,P361-P527
Q7128508,Q312,P31-P5869
Q3511885,Q312,P361-P527
Q3511885,Q312,P31-P5869
Q3511885,Q478214,P361-P527
Q7248721,Q312,P31-P5869
Q3511885,Q2283,P361-P527
Q3511885,Q2283,P361-P527
Q7248721,Q2283,P361-P527
Q18674747,Q1113804,P361-P527
Q18674747,Q11463,P361-P527
Q14662364,Q1159256,P127-P1830
Q18674747,Q663596,P127-P1830
Q18674747,Q1159256,P127-P1830
Q14662364,Q338825,P361-P527
Q7455653,Q338825,P361-P527
Q14662364,Q663596,P127-P1830
Q16983765,Q338825,P361-P527
Q18674747,Q338825,P361-P527
Q20183163,Q338825,P361-P527
Q14662364,Q467752,P127-P1830
Q18674747,Q467752,P127-P1830
Q18674747,Q248,P127-P1830
Q18674747,Q544847,P361-P527
Q14662364,Q248,P127-P1830
Q18674747,Q219635,P127-P127
Q18674747,Q219635,P127-P127
Q14662364,Q219508,P127-P1830
Q18674747,Q219508,P127-P1830
Q14662364,Q219635,P127-P127
Q14662364,Q219635,P127-P127
Q7455653,Q7414,P361-P527
Q20183163,Q7414,P361-P527
Q14662364,Q7414,P361-P527
Q14662364,Q7414,P127-P1830
Q18674747,Q7414,P361-P527
Q18674747,Q7414,P127-P1830
Q16983765,Q7414,P361-P527
Q18674747,Q334800,P361-P527
Q18674747,Q334800,P127-P1830
Q14662364,Q38076,P361-P527
Q14662364,Q38076,P31-P5869
Q18674747,Q38076,P361-P527
Q18674747,Q38076,P31-P5869
Q14662364,Q334800,P127-P1830
Q20183163,Q38076,P361-P527
Q20183163,Q38076,P31-P5869
Q18674747,Q194360,P127-P1830
Q14662364,Q194360,P127-P1830
Q14662364,Q306764,P807-P807
Q14662364,Q306764,P3320-P108
Q14662364,Q306764,P169-P108
Q7455653,Q38076,P361-P527
Q7455653,Q38076,P31-P5869
Q16983765,Q38076,P361-P527
Q16983765,Q38076,P31-P5869
Q18674747,Q334204,P361-P527
Q7455653,Q334204,P361-P527
Q16983765,Q334204,P361-P527
Q14662364,Q334204,P361-P527
Q20183163,Q334204,P361-P527
Q14662364,Q744149,P127-P1830
Q14662364,Q459965,P3320-P108
Q14662364,Q459965,P3320-P1416
Q14662364,Q37156,P127-P1830
Q18674747,Q37156,P127-P1830
Q18674747,Q744149,P127-P1830
Q18674747,Q173395,P361-P527
Q18674747,Q3511885,P361-P527
Q14662364,Q3295867,P127-P1830
Q18674747,Q3295867,P127-P1830
Q14662364,Q212405,P127-P1830
Q14662364,Q212405,P3320-P108
Q14662364,Q333718,P127-P1830
Q18674747,Q212405,P127-P1830
Q18674747,Q333718,P127-P1830
Q14662364,Q156238,P127-P1830
Q18674747,Q156238,P127-P1830
Q18674747,Q715583,P361-P527
Q18674747,Q907311,P127-P1830
Q14662364,Q907311,P127-P1830
Q14662364,Q192314,P127-P1830
Q14662364,Q19900,P127-P1830
Q18674747,Q192314,P127-P1830
Q14662364,Q20800404,P127-P1830
Q14662364,Q380,P361-P527
Q14662364,Q380,P361-P527
Q18674747,Q20800404,P361-P527
Q7455653,Q380,P361-P527
Q7455653,Q380,P361-P527
Q7455653,Q312,P31-P5869
Q18674747,Q555925,P361-P527
Q18674747,Q19900,P127-P1830
Q18674747,Q478214,P361-P527
Q16983765,Q380,P361-P527
Q18674747,Q20800404,P127-P1830
Q14662364,Q3884,P127-P1830
Q14662364,Q2283,P361-P527
Q14662364,Q2283,P127-P1830
Q14662364,Q182477,P127-P1830
Q16983765,Q312,P31-P5869
Q18674747,Q3884,P361-P527
Q18674747,Q3884,P127-P1830
Q16983765,Q2283,P361-P527
Q18674747,Q312,P361-P527
Q18674747,Q312,P127-P1830
Q18674747,Q312,P31-P5869
Q18674747,Q2283,P361-P527
Q18674747,Q2283,P361-P527
Q18674747,Q2283,P127-P1830
Q20183163,Q312,P31-P5869
Q18674747,Q182477,P361-P527
Q18674747,Q182477,P127-P1830
Q18674747,Q380,P361-P527
Q18674747,Q380,P361-P527
Q18674747,Q380,P361-P527
Q14662364,Q312,P127-P1830
Q14662364,Q312,P31-P5869
Q20183163,Q380,P361-P527
Q20183163,Q380,P361-P527
Q7455653,Q2283,P361-P527
Q89368734,Q483915,P361-P527
Q20183163,Q2283,P361-P527
Q20800404,Q1113804,P361-P527
Q89368734,Q898208,P361-P527
Q20800404,Q11463,P361-P527
Q20800404,Q663596,P3320-P108
Q20800404,Q663596,P3320-P1416
Q89368734,Q470517,P361-P527
Q20800404,Q338825,P361-P527
Q20800404,Q1159256,P127-P1830
Q20800404,Q663596,P127-P1830
Q89368734,Q467752,P361-P527
Q89368734,Q66,P361-P527
Q89368734,Q66,P3320-P108
Q89368734,Q338825,P361-P527
Q20800404,Q467752,P127-P1830
Q20800404,Q544847,P361-P527
Q89368734,Q248,P361-P527
Q20800404,Q219508,P127-P1830
Q20800404,Q7414,P127-P1830
Q20800404,Q7414,P361-P527
Q89368734,Q7414,P361-P527
Q89368734,Q7414,P361-P527
Q20800404,Q219635,P127-P127
Q20800404,Q248,P127-P1830
Q20800404,Q219635,P127-P127
Q20800404,Q334800,P361-P527
Q89368734,Q247489,P361-P527
Q20800404,Q334204,P361-P527
Q20800404,Q334800,P127-P1830
Q20800404,Q194360,P127-P1830
Q20800404,Q38076,P361-P527
Q89368734,Q38076,P361-P527
Q89368734,Q38076,P361-P527
Q89368734,Q38076,P31-P5869
Q20800404,Q193326,P3320-P108
Q20800404,Q744149,P127-P1830
Q89368734,Q193326,P361-P527
Q89368734,Q459965,P361-P527
Q89368734,Q941127,P361-P527
Q89368734,Q194360,P361-P527
Q20800404,Q38076,P31-P5869
Q89368734,Q37156,P361-P527
Q20800404,Q3295867,P127-P1830
Q20800404,Q3511885,P361-P527
Q89368734,Q334204,P361-P527
Q20800404,Q173395,P361-P527
Q89368734,Q173395,P361-P527
Q89368734,Q319642,P361-P527
Q89368734,Q212405,P361-P527
Q89368734,Q2103926,P361-P527
Q20800404,Q715583,P361-P527
Q89368734,Q3295867,P361-P527
Q20800404,Q37156,P127-P1830
Q20800404,Q212405,P127-P1830
Q89368734,Q333718,P361-P527
Q20800404,Q333718,P127-P1830
Q20800404,Q907311,P127-P1830
Q89368734,Q328840,P361-P527
Q20800404,Q156238,P127-P1830
Q89368734,Q864407,P361-P527
Q89368734,Q483551,P361-P527
Q89368734,Q14662364,P3320-P1416
Q89368734,Q192314,P361-P527
Q20800404,Q907311,P361-P527
Q20800404,Q380,P361-P527
Q20800404,Q380,P361-P527
Q20800404,Q380,P361-P527
Q20800404,Q380,P361-P527
Q89368734,Q380,P361-P527
Q89368734,Q380,P361-P527
Q20800404,Q478214,P112-P3438
Q20800404,Q478214,P127-P3438
Q20800404,Q19900,P127-P1830
Q89368734,Q2283,P361-P527
Q89368734,Q2283,P361-P527
Q20800404,Q3884,P3320-P108
Q89368734,Q312,P31-P5869
Q89368734,Q312,P361-P527
Q20800404,Q182477,P361-P527
Q20800404,Q182477,P127-P1830
Q20800404,Q192314,P127-P1830
Q20800404,Q478214,P3320-P3438
Q20800404,Q478214,P361-P527
Q20800404,Q555925,P361-P527
Q20800404,Q3884,P361-P527
Q20800404,Q3884,P127-P1830
Q20800404,Q3884,P361-P527
Q20800404,Q2283,P361-P527
Q20800404,Q2283,P361-P527
Q20800404,Q2283,P127-P1830
Q20800404,Q2283,P361-P527
Q20800404,Q312,P127-P108
Q20800404,Q312,P361-P527
Q20800404,Q312,P127-P1830
Q20800404,Q312,P31-P5869
Q20800404,Q312,P361-P527
Q66,Q219635,P127
Q248,Q219635,P127
Q7240,Q219635,P127
Q11463,Q219635,P127
Q193412,Q219635,P127
Q206921,Q219635,P127
Q214763,Q219635,P127
Q467752,Q219635,P127
Q663596,Q219635,P127
Q18674747,Q219635,P127
Q312,Q219635,P127
Q380,Q219635,P127
Q2283,Q219635,P127
Q3884,Q219635,P127
Q7414,Q219635,P127
Q35476,Q219635,P127
Q38076,Q219635,P127
Q54173,Q219635,P127
Q128896,Q219635,P127
Q173395,Q219635,P127
Q182477,Q219635,P127
Q192314,Q219635,P127
Q193326,Q219635,P127
Q194360,Q219635,P127
Q212405,Q219635,P127
Q219508,Q219635,P127
Q247489,Q219635,P127
Q328840,Q219635,P127
Q333718,Q219635,P127
Q334204,Q219635,P127
Q334800,Q219635,P127
Q459965,Q219635,P127
Q483551,Q219635,P127
Q487907,Q219635,P127
Q715583,Q219635,P127
Q744149,Q219635,P127
Q864407,Q219635,P127
Q1852556,Q219635,P127
Q3295867,Q219635,P127
Q14662364,Q219635,P127
Q217583,Q194360,P1830
Q14662364,Q306764,P807
Q380,Q193326,P1951
Q217583,Q744149,P1830
Q217583,Q37156,P1830
Q217583,Q3295867,P1830
Q306764,Q14662364,P156
Q334204,Q907311,P1830
Q37156,Q217583,P127
Q194360,Q217583,P127
Q487907,Q217583,P127
Q744149,Q217583,P127
Q3295867,Q217583,P127
Q312,Q217583,P127
